dataset,n_subjects,mean_diff,ci95_low,ci95_high,delta_NI,noninferior_at_delta,p_noninferiority_ttest,p_noninferiority_wilcoxon,frac_subjects_within_margin
ma2020,25,0.0014666666666666873,-0.028306138181849752,0.03123947151518313,0.01,False,0.2172348454430169,0.29059695911864797,0.56
ma2020,25,0.0014666666666666873,-0.028306138181849752,0.03123947151518313,0.02,False,0.07487311047563168,0.060896972285628626,0.64
ma2020,25,0.0014666666666666873,-0.028306138181849752,0.03123947151518313,0.03,True,0.01959387136217018,0.011487809239026474,0.76
stieger2021,62,-0.004769497850991891,-0.017374913324433378,0.007835917622449597,0.01,False,0.20496466582622114,0.19910167827274194,0.4838709677419355
stieger2021,62,-0.004769497850991891,-0.017374913324433378,0.007835917622449597,0.02,True,0.009349437635079075,0.008816204430010811,0.6451612903225806
stieger2021,62,-0.004769497850991891,-0.017374913324433378,0.007835917622449597,0.03,True,8.621281851213433e-05,0.00011785425983865844,0.7096774193548387
zhou2020,20,-0.0022986111111111375,-0.019439345798168854,0.01484212357594658,0.01,False,0.17940715515641248,0.3107566833496094,0.6
zhou2020,20,-0.0022986111111111375,-0.019439345798168854,0.01484212357594658,0.02,True,0.021815275366185036,0.0412750244140625,0.65
zhou2020,20,-0.0022986111111111375,-0.019439345798168854,0.01484212357594658,0.03,True,0.0015626331435648064,0.0011625289916992188,0.75
