subject,method,balanced_accuracy,set_size
1,all_sources,0.5533333333333333,14.0
1,pair_ref,0.785,3.966666666666667
1,top1,0.7466666666666667,1.0
1,top3,0.7283333333333334,3.0
2,all_sources,0.48166666666666663,14.0
2,pair_ref,0.5583333333333333,10.0
2,top1,0.5183333333333333,1.0
2,top3,0.58,3.0
3,all_sources,0.6116666666666667,14.0
3,pair_ref,0.5883333333333333,13.333333333333334
3,top1,0.4266666666666667,1.0
3,top3,0.46166666666666667,3.0
4,all_sources,0.5833333333333334,14.0
4,pair_ref,0.6416666666666667,3.2
4,top1,0.4433333333333333,1.0
4,top3,0.6383333333333333,3.0
5,all_sources,0.74,14.0
5,pair_ref,0.74,14.0
5,top1,0.6683333333333333,1.0
5,top3,0.67,3.0
6,all_sources,0.6266666666666667,14.0
6,pair_ref,0.6166666666666667,3.3
6,top1,0.4583333333333333,1.0
6,top3,0.5866666666666666,3.0
7,all_sources,0.7133333333333333,14.0
7,pair_ref,0.5950000000000001,2.3666666666666667
7,top1,0.6766666666666666,1.0
7,top3,0.6283333333333334,3.0
8,all_sources,0.5700000000000001,14.0
8,pair_ref,0.475,8.433333333333334
8,top1,0.6033333333333333,1.0
8,top3,0.5116666666666666,3.0
9,all_sources,0.6633333333333333,14.0
9,pair_ref,0.6316666666666666,13.0
9,top1,0.5183333333333333,1.0
9,top3,0.5700000000000001,3.0
10,all_sources,0.7483333333333333,14.0
10,pair_ref,0.7533333333333334,13.666666666666666
10,top1,0.6516666666666667,1.0
10,top3,0.6950000000000001,3.0
11,all_sources,0.4116666666666667,14.0
11,pair_ref,0.455,4.5
11,top1,0.5383333333333333,1.0
11,top3,0.5016666666666667,3.0
12,all_sources,0.6666666666666666,14.0
12,pair_ref,0.69,10.366666666666667
12,top1,0.6266666666666667,1.0
12,top3,0.6683333333333333,3.0
13,all_sources,0.5666666666666667,14.0
13,pair_ref,0.5383333333333333,8.033333333333333
13,top1,0.5933333333333334,1.0
13,top3,0.6416666666666667,3.0
14,all_sources,0.705,14.0
14,pair_ref,0.6883333333333332,5.7
14,top1,0.6216666666666667,1.0
14,top3,0.6933333333333334,3.0
15,all_sources,0.69,14.0
15,pair_ref,0.6449999999999999,12.166666666666666
15,top1,0.47833333333333333,1.0
15,top3,0.5116666666666666,3.0
16,all_sources,0.7566666666666666,14.0
16,pair_ref,0.735,9.0
16,top1,0.6649999999999999,1.0
16,top3,0.8133333333333334,3.0
17,all_sources,0.725,14.0
17,pair_ref,0.725,14.0
17,top1,0.5983333333333333,1.0
17,top3,0.5816666666666667,3.0
18,all_sources,0.59,14.0
18,pair_ref,0.5816666666666667,3.033333333333333
18,top1,0.5850000000000001,1.0
18,top3,0.565,3.0
19,all_sources,0.5116666666666667,14.0
19,pair_ref,0.5683333333333334,2.2
19,top1,0.6166666666666667,1.0
19,top3,0.6016666666666667,3.0
20,all_sources,0.6199999999999999,14.0
20,pair_ref,0.675,12.866666666666667
20,top1,0.715,1.0
20,top3,0.775,3.0
21,all_sources,0.7566666666666666,14.0
21,pair_ref,0.7533333333333334,11.6
21,top1,0.6649999999999999,1.0
21,top3,0.73,3.0
22,all_sources,0.49333333333333335,14.0
22,pair_ref,0.5700000000000001,11.4
22,top1,0.645,1.0
22,top3,0.43166666666666664,3.0
23,all_sources,0.6583333333333333,14.0
23,pair_ref,0.575,7.0
23,top1,0.6733333333333333,1.0
23,top3,0.5716666666666667,3.0
24,all_sources,0.9083333333333333,14.0
24,pair_ref,0.9133333333333333,1.1666666666666667
24,top1,0.91,1.0
24,top3,0.8766666666666667,3.0
25,all_sources,0.6966666666666667,14.0
25,pair_ref,0.5866666666666667,2.433333333333333
25,top1,0.5483333333333333,1.0
25,top3,0.5983333333333333,3.0
