dataset,subject,method,timing_repetitions,candidate_sessions,retained_sessions,candidate_training_trials,training_trials,training_trial_fraction,balanced_accuracy,selected_sessions,screen_trials,test_trials,channels,tangent_features,screen_seconds_median,screen_seconds_mean,screen_seconds_min,screen_seconds_max,fit_seconds_median,fit_seconds_mean,fit_seconds_min,fit_seconds_max,predict_seconds_median,predict_seconds_mean,predict_seconds_min,predict_seconds_max,screen_fit_seconds_median,screen_fit_seconds_mean,screen_fit_seconds_min,screen_fit_seconds_max,screen_fit_predict_seconds_median,screen_fit_predict_seconds_mean,screen_fit_predict_seconds_min,screen_fit_predict_seconds_max
ma2020,1,all_sources,3,14,14,560,560,1.0,0.55,"[1, 2, 3, 4, 5, 6, 7, 8, 9, 10, 11, 12, 13, 14]",20,20,62,1953,0.0,0.0,0.0,0.0,2.044672333,2.0413654583333334,2.016914334,2.062509708,0.005410417,0.005434624999999999,0.005355333,0.005538125,2.044672333,2.0413654583333334,2.016914334,2.062509708,2.0500827499999996,2.046800083333333,2.022452459,2.0678650409999997
ma2020,1,mcs_stepdown,3,14,3,560,120,0.21428571428571427,0.8,"[12, 13, 14]",20,20,62,1953,0.597113083,0.6008517083333333,0.59323475,0.612207292,1.412260792,1.413707861,1.408106958,1.420755833,0.005482042,0.005427986333333333,0.005292709,0.005509208,2.0178689160000003,2.0145595693333336,2.0054955420000002,2.02031425,2.023161625,2.019987555666667,2.0109775840000004,2.025823458
ma2020,1,refinement,3,14,4,560,160,0.2857142857142857,0.8,"[11, 12, 13, 14]",20,20,62,1953,0.59422075,0.5937991806666667,0.591488167,0.595688625,1.477678125,1.4746005833333333,1.4660915,1.480032125,0.005543,0.0055409303333333335,0.005428958,0.005650833,2.07336675,2.068399764,2.057579667,2.074252875,2.078795708,2.073940694333333,2.0632305,2.079795875
ma2020,2,all_sources,3,14,14,560,560,1.0,0.39999999999999997,"[1, 2, 3, 4, 5, 6, 7, 8, 9, 10, 11, 12, 13, 14]",20,20,62,1953,0.0,0.0,0.0,0.0,2.052426708,2.0516541386666667,2.044629,2.057906708,0.005560292,0.0056051113333333335,0.0055365,0.005718542,2.052426708,2.0516541386666667,2.044629,2.057906708,2.0579870000000002,2.05725925,2.050347542,2.063443208
ma2020,2,mcs_stepdown,3,14,10,560,400,0.7142857142857143,0.55,"[3, 6, 7, 8, 9, 10, 11, 12, 13, 14]",20,20,62,1953,0.595538917,0.5959584583333334,0.592663083,0.599673375,1.83268325,1.8581252916666664,1.809377417,1.932315208,0.005438083,0.00546475,0.005372583,0.005583584,2.432356625,2.45408375,2.404916334,2.524978291,2.437794708,2.4595485000000004,2.410499918,2.5303508740000002
ma2020,2,refinement,3,14,10,560,400,0.7142857142857143,0.55,"[3, 6, 7, 8, 9, 10, 11, 12, 13, 14]",20,20,62,1953,0.594724375,0.5945329443333333,0.594131583,0.594742875,1.816641333,1.824752986,1.816449625,1.841168,0.005489917,0.005543875333333333,0.005485042,0.005656667,2.411384208,2.4192859303333334,2.411174,2.435299583,2.4170408749999996,2.4248298056666666,2.4166639169999997,2.440784625
ma2020,3,all_sources,3,14,14,560,560,1.0,0.5,"[1, 2, 3, 4, 5, 6, 7, 8, 9, 10, 11, 12, 13, 14]",20,20,62,1953,0.0,0.0,0.0,0.0,2.072907083,2.0677569996666665,2.0508165,2.079547416,0.005632958,0.005580069666666666,0.005370792,0.005736459,2.072907083,2.0677569996666665,2.0508165,2.079547416,2.078277875,2.073337069333333,2.056449458,2.085283875
ma2020,3,mcs_stepdown,3,14,14,560,560,1.0,0.5,"[1, 2, 3, 4, 5, 6, 7, 8, 9, 10, 11, 12, 13, 14]",20,20,62,1953,0.593492458,0.5932243053333334,0.58891975,0.597260708,2.053320542,2.0618034306666666,2.044294542,2.087795208,0.005602875,0.005660472,0.005564541,0.005814,2.646813,2.6550277359999996,2.6415552499999997,2.6767149580000003,2.652415875,2.6606882080000003,2.6473692499999997,2.6822794990000003
ma2020,3,refinement,3,14,13,560,520,0.9285714285714286,0.44999999999999996,"[1, 2, 4, 5, 6, 7, 8, 9, 10, 11, 12, 13, 14]",20,20,62,1953,0.591788334,0.5928984723333333,0.59085925,0.596047833,2.01064925,2.0157608473333335,1.991475042,2.04515825,0.005624875,0.005673611333333333,0.005595792,0.005800167,2.6015085,2.6086593196666668,2.583263376,2.641206083,2.607133375,2.614332931,2.589063543,2.646801875
stieger2021,1,all_sources,3,10,10,1500,1500,1.0,0.8805120910384068,"[1, 2, 3, 4, 5, 6, 7, 8, 9, 10]",75,75,62,1953,0.0,0.0,0.0,0.0,3.37629175,3.3621390693333333,3.326929791,3.383195667,0.019268875,0.019066639,0.018254625,0.019676417,3.37629175,3.3621390693333333,3.326929791,3.383195667,3.395968167,3.381205708333333,3.345184416,3.4024645419999997
stieger2021,1,mcs_stepdown,3,10,7,1500,1050,0.7,0.8413940256045519,"[3, 4, 5, 7, 8, 9, 10]",75,75,62,1953,0.601011167,0.602254889,0.600791042,0.604962458,2.734161125,2.728812527666667,2.705821125,2.746455333,0.019178416,0.01918634666666667,0.018828583,0.019552041,3.335172292,3.3310674166666665,3.310783583,3.347246375,3.354350708,3.3502537633333334,3.329612166,3.366798416
stieger2021,1,refinement,3,10,7,1500,1050,0.7,0.8413940256045519,"[3, 4, 5, 7, 8, 9, 10]",75,75,62,1953,0.615192459,0.611262514,0.599994958,0.618600125,2.716085417,2.7023505,2.672124125,2.718841958,0.01910625,0.019102958,0.018981583,0.019221041,3.316080375,3.313613014,3.29072425,3.334034417,3.335301416,3.3327159720000004,3.3098305,3.3530159999999998
stieger2021,2,all_sources,3,10,10,1500,1500,1.0,0.8140113798008535,"[1, 2, 3, 4, 5, 6, 7, 8, 9, 10]",75,75,62,1953,0.0,0.0,0.0,0.0,3.415823792,3.3968848473333337,3.346618375,3.428212375,0.019249709,0.019020597666666667,0.018359292,0.019452792,3.415823792,3.3968848473333337,3.346618375,3.428212375,3.435276584,3.415905445,3.364977667,3.447462084
stieger2021,2,mcs_stepdown,3,10,7,1500,1050,0.7,0.8652204836415363,"[3, 4, 6, 7, 8, 9, 10]",75,75,62,1953,0.61014175,0.6088588053333334,0.605984,0.610450666,2.753480042,2.727894847,2.674221333,2.755983166,0.01930325,0.018980388666666667,0.0182425,0.019395416,3.361967166,3.3367536523333334,3.2846719990000004,3.363621792,3.381362582,3.355734041,3.3029144990000003,3.382925042
stieger2021,2,refinement,3,10,7,1500,1050,0.7,0.8652204836415363,"[3, 4, 6, 7, 8, 9, 10]",75,75,62,1953,0.609421166,0.609574611,0.609340292,0.609962375,2.765045125,2.742289139,2.668896917,2.792925375,0.018779875,0.018990986,0.018777666,0.019415417,3.3750074999999997,3.3518637499999997,3.2783180830000003,3.402265667,3.3937873749999996,3.370854736,3.2970957490000004,3.421681084
stieger2021,3,all_sources,3,6,6,900,900,1.0,0.6152204836415363,"[1, 2, 3, 4, 5, 6]",75,75,62,1953,0.0,0.0,0.0,0.0,2.505940416,2.506476375,2.473678917,2.539809792,0.019020959,0.018893083333333335,0.018575708,0.019082583,2.505940416,2.506476375,2.473678917,2.539809792,2.524961375,2.5253694583333335,2.4927615,2.5583855
stieger2021,3,mcs_stepdown,3,6,5,900,750,0.8333333333333334,0.6682076813655762,"[2, 3, 4, 5, 6]",75,75,62,1953,0.364851417,0.3651901526666667,0.36478375,0.365935291,2.284439625,2.2856550833333333,2.27775025,2.294775375,0.019217709,0.019213528,0.01914,0.019282875,2.649291042,2.650845236,2.642534,2.660710666,2.6684310420000004,2.670058764,2.661816875,2.679928375
stieger2021,3,refinement,3,6,5,900,750,0.8333333333333334,0.6682076813655762,"[2, 3, 4, 5, 6]",75,75,62,1953,0.36509375,0.36510580566666667,0.363734292,0.366489375,2.279558583,2.2814641113333334,2.256869084,2.307964667,0.018461375,0.018627444333333333,0.018144958,0.019276,2.643292875,2.646569917,2.6219628339999996,2.674454042,2.6614378330000004,2.6651973613333335,2.6404242089999994,2.693730042
