metric,method_a,method_b,contrast,subjects,mean_difference,sd_difference,standard_error,ci_level,ci_lower,ci_upper
training_trials,refinement,all_sources,refinement - all_sources,25,-238.82666666666668,179.53615956846298,35.9072319136926,0.95,-312.9355509653806,-164.71778236795274
training_trials,mcs_style,all_sources,mcs_style - all_sources,25,-279.8933333333333,186.31749883027723,37.263499766055446,0.95,-356.80141690172127,-202.98524976494537
training_trials,top_m_ref,all_sources,top_m_ref - all_sources,25,-238.82666666666668,179.53615956846298,35.9072319136926,0.95,-312.9355509653806,-164.71778236795274
training_trials,range_midpoint,all_sources,range_midpoint - all_sources,25,-135.89333333333335,75.07815187448935,15.01563037489787,0.95,-166.88407126602308,-104.9025954006436
training_trials,refinement,mcs_style,refinement - mcs_style,25,41.06666666666667,37.33928523984119,7.467857047968238,0.95,25.653767246921348,56.47956608641199
training_trials,refinement,top_m_ref,refinement - top_m_ref,25,0.0,0.0,0.0,0.95,0.0,0.0
training_trials,refinement,range_midpoint,refinement - range_midpoint,25,-102.93333333333332,161.5870365170745,32.317407303414896,0.95,-169.63318378239825,-36.23348288426841
training_trials,mcs_style,top_m_ref,mcs_style - top_m_ref,25,-41.06666666666667,37.33928523984119,7.467857047968238,0.95,-56.47956608641199,-25.653767246921348
training_trials,mcs_style,range_midpoint,mcs_style - range_midpoint,25,-144.0,169.04393467927753,33.80878693585551,0.95,-213.7779067273004,-74.2220932726996
training_trials,top_m_ref,range_midpoint,top_m_ref - range_midpoint,25,-102.93333333333332,161.5870365170745,32.317407303414896,0.95,-169.63318378239825,-36.23348288426841
