subject,coverage_c,coverage_d,coverage_joint,oracle_retained,exact_recovery,set_size,retained_fraction,worst_reference_excess,replicate,n_sources
1,0.88,0.78,0.74,1.0,0.94,1.06,0.17666666666666664,0.3275363207099992,24.5,6.0
2,0.76,0.6,0.6,1.0,0.0,3.76,0.6266666666666666,18.274487597712852,24.5,6.0
3,0.96,0.94,0.94,1.0,0.0,2.02,0.33666666666666667,1.4932769592968012,24.5,6.0
4,0.96,0.98,0.96,1.0,0.0,2.84,0.4733333333333334,6.167290271930541,24.5,6.0
5,0.9,0.86,0.84,1.0,0.0,2.0,0.33333333333333326,0.9153929636673598,24.5,6.0
6,0.98,0.98,0.98,1.0,1.0,1.0,0.16666666666666663,0.0,24.5,6.0
7,0.98,0.98,0.96,1.0,0.08,1.92,0.31999999999999995,11.193521591008889,24.5,6.0
8,0.74,0.58,0.58,1.0,0.0,3.24,0.54,18.94658024416066,24.5,6.0
9,0.98,0.98,0.96,1.0,0.98,1.02,0.17,0.03977867802433769,24.5,6.0
10,0.9,0.84,0.84,1.0,0.0,2.9,0.48333333333333334,4.228618116485929,24.5,6.0
11,1.0,1.0,1.0,1.0,0.04,1.96,0.32666666666666666,2.425639150873692,24.5,6.0
12,0.42,0.16,0.16,0.92,0.0,3.56,0.5933333333333334,299.0462410662697,24.5,6.0
13,0.98,1.0,0.98,1.0,0.0,4.04,0.6733333333333333,0.7755768808253546,24.5,6.0
14,0.96,0.96,0.94,1.0,0.4,1.6,0.26666666666666666,0.9648786330935732,24.5,6.0
15,0.9,0.94,0.88,1.0,0.88,1.12,0.18666666666666665,0.19050015254497862,24.5,6.0
16,0.92,0.88,0.86,1.0,0.24,2.14,0.35666666666666663,3.916374345000807,24.5,6.0
17,0.86,0.86,0.86,1.0,1.0,1.0,0.16666666666666663,0.0,24.5,6.0
18,0.92,0.96,0.92,1.0,0.1,3.2,0.5333333333333333,1.5678582693180874,24.5,6.0
19,0.98,0.98,0.98,1.0,0.0,3.3,0.55,3.273745264996011,24.5,6.0
20,1.0,0.98,0.98,1.0,1.0,1.0,0.2,0.0,24.5,5.0
