analysis,subject,method,balanced_accuracy,set_size,all_accuracy,target_accuracy,diff_vs_all,diff_vs_target
primary,1,all_sources,0.4761111111111111,6.0,0.4761111111111111,0.49,0.0,-0.013888888888888895
primary,1,mcs_stepdown,0.4777777777777778,1.0,0.4761111111111111,0.49,0.0016666666666667052,-0.01222222222222219
primary,1,pair_ref,0.4777777777777778,1.0,0.4761111111111111,0.49,0.0016666666666667052,-0.01222222222222219
primary,1,target_only,0.49,0.0,0.4761111111111111,0.49,0.013888888888888895,0.0
primary,1,top1,0.4777777777777778,1.0,0.4761111111111111,0.49,0.0016666666666667052,-0.01222222222222219
primary,1,top3,0.5244444444444444,3.0,0.4761111111111111,0.49,0.048333333333333284,0.03444444444444439
primary,2,all_sources,0.5711111111111111,6.0,0.5711111111111111,0.5594444444444444,0.0,0.011666666666666714
primary,2,mcs_stepdown,0.5777777777777778,2.933333333333333,0.5711111111111111,0.5594444444444444,0.00666666666666671,0.018333333333333424
primary,2,pair_ref,0.5844444444444445,3.7333333333333334,0.5711111111111111,0.5594444444444444,0.01333333333333342,0.025000000000000133
primary,2,target_only,0.5594444444444444,0.0,0.5711111111111111,0.5594444444444444,-0.011666666666666714,0.0
primary,2,top1,0.5166666666666667,1.0,0.5711111111111111,0.5594444444444444,-0.054444444444444406,-0.04277777777777769
primary,2,top3,0.5611111111111112,3.0,0.5711111111111111,0.5594444444444444,-0.009999999999999898,0.0016666666666668162
primary,3,all_sources,0.5994444444444444,6.0,0.5994444444444444,0.5344444444444444,0.0,0.06500000000000006
primary,3,mcs_stepdown,0.5477777777777778,1.6666666666666667,0.5994444444444444,0.5344444444444444,-0.05166666666666664,0.01333333333333342
primary,3,pair_ref,0.5594444444444444,1.9666666666666666,0.5994444444444444,0.5344444444444444,-0.040000000000000036,0.025000000000000022
primary,3,target_only,0.5344444444444444,0.0,0.5994444444444444,0.5344444444444444,-0.06500000000000006,0.0
primary,3,top1,0.5155555555555555,1.0,0.5994444444444444,0.5344444444444444,-0.0838888888888889,-0.018888888888888844
primary,3,top3,0.5277777777777778,3.0,0.5994444444444444,0.5344444444444444,-0.07166666666666666,-0.006666666666666599
primary,4,all_sources,0.5011111111111111,6.0,0.5011111111111111,0.5033333333333333,0.0,-0.0022222222222222365
primary,4,mcs_stepdown,0.5633333333333334,2.933333333333333,0.5011111111111111,0.5033333333333333,0.06222222222222229,0.06000000000000005
primary,4,pair_ref,0.5644444444444444,3.0,0.5011111111111111,0.5033333333333333,0.06333333333333335,0.061111111111111116
primary,4,target_only,0.5033333333333333,0.0,0.5011111111111111,0.5033333333333333,0.0022222222222222365,0.0
primary,4,top1,0.5366666666666667,1.0,0.5011111111111111,0.5033333333333333,0.035555555555555673,0.03333333333333344
primary,4,top3,0.5644444444444444,3.0,0.5011111111111111,0.5033333333333333,0.06333333333333335,0.061111111111111116
primary,5,all_sources,0.5988888888888889,6.0,0.5988888888888889,0.6127777777777778,0.0,-0.01388888888888884
primary,5,mcs_stepdown,0.5961111111111111,2.0,0.5988888888888889,0.6127777777777778,-0.002777777777777768,-0.016666666666666607
primary,5,pair_ref,0.5961111111111111,2.0,0.5988888888888889,0.6127777777777778,-0.002777777777777768,-0.016666666666666607
primary,5,target_only,0.6127777777777778,0.0,0.5988888888888889,0.6127777777777778,0.01388888888888884,0.0
primary,5,top1,0.5027777777777778,1.0,0.5988888888888889,0.6127777777777778,-0.09611111111111115,-0.10999999999999999
primary,5,top3,0.6177777777777778,3.0,0.5988888888888889,0.6127777777777778,0.018888888888888844,0.0050000000000000044
primary,6,all_sources,0.538888888888889,6.0,0.538888888888889,0.4722222222222222,0.0,0.06666666666666676
primary,6,mcs_stepdown,0.5455555555555556,1.0,0.538888888888889,0.4722222222222222,0.006666666666666599,0.07333333333333336
primary,6,pair_ref,0.5455555555555556,1.0,0.538888888888889,0.4722222222222222,0.006666666666666599,0.07333333333333336
primary,6,target_only,0.4722222222222222,0.0,0.538888888888889,0.4722222222222222,-0.06666666666666676,0.0
primary,6,top1,0.5455555555555556,1.0,0.538888888888889,0.4722222222222222,0.006666666666666599,0.07333333333333336
primary,6,top3,0.5516666666666666,3.0,0.538888888888889,0.4722222222222222,0.012777777777777666,0.07944444444444443
primary,7,all_sources,0.6833333333333333,6.0,0.6833333333333333,0.6950000000000001,0.0,-0.011666666666666714
primary,7,mcs_stepdown,0.6211111111111111,1.6,0.6833333333333333,0.6950000000000001,-0.06222222222222229,-0.073888888888889
primary,7,pair_ref,0.6427777777777778,2.0,0.6833333333333333,0.6950000000000001,-0.04055555555555557,-0.05222222222222228
primary,7,target_only,0.6950000000000001,0.0,0.6833333333333333,0.6950000000000001,0.011666666666666714,0.0
primary,7,top1,0.5961111111111111,1.0,0.6833333333333333,0.6950000000000001,-0.0872222222222222,-0.09888888888888892
primary,7,top3,0.6755555555555556,3.0,0.6833333333333333,0.6950000000000001,-0.007777777777777772,-0.019444444444444486
primary,8,all_sources,0.5755555555555555,6.0,0.5755555555555555,0.55,0.0,0.025555555555555443
primary,8,mcs_stepdown,0.5549999999999999,2.933333333333333,0.5755555555555555,0.55,-0.02055555555555555,0.004999999999999893
primary,8,pair_ref,0.5238888888888888,4.0,0.5755555555555555,0.55,-0.05166666666666664,-0.026111111111111196
primary,8,target_only,0.55,0.0,0.5755555555555555,0.55,-0.025555555555555443,0.0
primary,8,top1,0.5622222222222223,1.0,0.5755555555555555,0.55,-0.013333333333333197,0.012222222222222245
primary,8,top3,0.5494444444444445,3.0,0.5755555555555555,0.55,-0.026111111111110974,-0.0005555555555555314
primary,9,all_sources,0.5377777777777778,6.0,0.5377777777777778,0.5144444444444445,0.0,0.023333333333333317
primary,9,mcs_stepdown,0.5416666666666666,1.0,0.5377777777777778,0.5144444444444445,0.0038888888888888307,0.027222222222222148
primary,9,pair_ref,0.5416666666666666,1.0,0.5377777777777778,0.5144444444444445,0.0038888888888888307,0.027222222222222148
primary,9,target_only,0.5144444444444445,0.0,0.5377777777777778,0.5144444444444445,-0.023333333333333317,0.0
primary,9,top1,0.5416666666666666,1.0,0.5377777777777778,0.5144444444444445,0.0038888888888888307,0.027222222222222148
primary,9,top3,0.485,3.0,0.5377777777777778,0.5144444444444445,-0.05277777777777781,-0.029444444444444495
primary,10,all_sources,0.5222222222222223,6.0,0.5222222222222223,0.5555555555555556,0.0,-0.033333333333333326
primary,10,mcs_stepdown,0.49777777777777776,2.8666666666666667,0.5222222222222223,0.5555555555555556,-0.02444444444444449,-0.05777777777777782
primary,10,pair_ref,0.4972222222222222,3.0,0.5222222222222223,0.5555555555555556,-0.025000000000000078,-0.058333333333333404
primary,10,target_only,0.5555555555555556,0.0,0.5222222222222223,0.5555555555555556,0.033333333333333326,0.0
primary,10,top1,0.4888888888888889,1.0,0.5222222222222223,0.5555555555555556,-0.03333333333333338,-0.06666666666666671
primary,10,top3,0.49666666666666665,3.0,0.5222222222222223,0.5555555555555556,-0.02555555555555561,-0.058888888888888935
primary,11,all_sources,0.5888888888888889,6.0,0.5888888888888889,0.5616666666666668,0.0,0.027222222222222148
primary,11,mcs_stepdown,0.5766666666666667,1.8666666666666667,0.5888888888888889,0.5616666666666668,-0.012222222222222245,0.014999999999999902
primary,11,pair_ref,0.5805555555555556,2.0,0.5888888888888889,0.5616666666666668,-0.008333333333333304,0.018888888888888844
primary,11,target_only,0.5616666666666668,0.0,0.5888888888888889,0.5616666666666668,-0.027222222222222148,0.0
primary,11,top1,0.5194444444444445,1.0,0.5888888888888889,0.5616666666666668,-0.06944444444444442,-0.04222222222222227
primary,11,top3,0.6616666666666667,3.0,0.5888888888888889,0.5616666666666668,0.07277777777777783,0.09999999999999998
primary,12,all_sources,0.5811111111111111,6.0,0.5811111111111111,0.5883333333333333,0.0,-0.00722222222222213
primary,12,mcs_stepdown,0.5272222222222223,4.333333333333333,0.5811111111111111,0.5883333333333333,-0.053888888888888875,-0.061111111111111005
primary,12,pair_ref,0.5433333333333333,4.666666666666667,0.5811111111111111,0.5883333333333333,-0.0377777777777778,-0.04499999999999993
primary,12,target_only,0.5883333333333333,0.0,0.5811111111111111,0.5883333333333333,0.00722222222222213,0.0
primary,12,top1,0.5011111111111111,1.0,0.5811111111111111,0.5883333333333333,-0.08000000000000007,-0.0872222222222222
primary,12,top3,0.5011111111111111,3.0,0.5811111111111111,0.5883333333333333,-0.08000000000000007,-0.0872222222222222
primary,13,all_sources,0.5194444444444445,6.0,0.5194444444444445,0.4938888888888889,0.0,0.02555555555555561
primary,13,mcs_stepdown,0.5522222222222222,4.9,0.5194444444444445,0.4938888888888889,0.032777777777777684,0.05833333333333329
primary,13,pair_ref,0.5855555555555555,4.0,0.5194444444444445,0.4938888888888889,0.06611111111111101,0.09166666666666662
primary,13,target_only,0.4938888888888889,0.0,0.5194444444444445,0.4938888888888889,-0.02555555555555561,0.0
primary,13,top1,0.4816666666666667,1.0,0.5194444444444445,0.4938888888888889,-0.0377777777777778,-0.01222222222222219
primary,13,top3,0.5216666666666667,3.0,0.5194444444444445,0.4938888888888889,0.0022222222222222365,0.027777777777777846
primary,14,all_sources,0.6027777777777777,6.0,0.6027777777777777,0.7516666666666667,0.0,-0.14888888888888896
primary,14,mcs_stepdown,0.5,1.0,0.6027777777777777,0.7516666666666667,-0.10277777777777775,-0.2516666666666667
primary,14,pair_ref,0.6038888888888889,1.7333333333333334,0.6027777777777777,0.7516666666666667,0.0011111111111111738,-0.14777777777777779
primary,14,target_only,0.7516666666666667,0.0,0.6027777777777777,0.7516666666666667,0.14888888888888896,0.0
primary,14,top1,0.5,1.0,0.6027777777777777,0.7516666666666667,-0.10277777777777775,-0.2516666666666667
primary,14,top3,0.6116666666666667,3.0,0.6027777777777777,0.7516666666666667,0.008888888888888946,-0.14
primary,15,all_sources,0.7938888888888889,6.0,0.7938888888888889,0.8383333333333334,0.0,-0.04444444444444451
primary,15,mcs_stepdown,0.8677777777777779,1.0,0.7938888888888889,0.8383333333333334,0.073888888888889,0.029444444444444495
primary,15,pair_ref,0.8544444444444445,1.0666666666666667,0.7938888888888889,0.8383333333333334,0.060555555555555585,0.016111111111111076
primary,15,target_only,0.8383333333333334,0.0,0.7938888888888889,0.8383333333333334,0.04444444444444451,0.0
primary,15,top1,0.8677777777777779,1.0,0.7938888888888889,0.8383333333333334,0.073888888888889,0.029444444444444495
primary,15,top3,0.6794444444444444,3.0,0.7938888888888889,0.8383333333333334,-0.11444444444444446,-0.15888888888888897
primary,16,all_sources,0.5161111111111112,6.0,0.5161111111111112,0.5727777777777778,0.0,-0.05666666666666664
primary,16,mcs_stepdown,0.5233333333333333,1.0,0.5161111111111112,0.5727777777777778,0.00722222222222213,-0.04944444444444451
primary,16,pair_ref,0.49777777777777776,2.3666666666666667,0.5161111111111112,0.5727777777777778,-0.018333333333333424,-0.07500000000000007
primary,16,target_only,0.5727777777777778,0.0,0.5161111111111112,0.5727777777777778,0.05666666666666664,0.0
primary,16,top1,0.5233333333333333,1.0,0.5161111111111112,0.5727777777777778,0.00722222222222213,-0.04944444444444451
primary,16,top3,0.5055555555555556,3.0,0.5161111111111112,0.5727777777777778,-0.01055555555555554,-0.06722222222222218
primary,17,all_sources,0.5144444444444445,6.0,0.5144444444444445,0.5344444444444444,0.0,-0.019999999999999907
primary,17,mcs_stepdown,0.5116666666666666,1.0,0.5144444444444445,0.5344444444444444,-0.002777777777777879,-0.022777777777777786
primary,17,pair_ref,0.5116666666666666,1.0,0.5144444444444445,0.5344444444444444,-0.002777777777777879,-0.022777777777777786
primary,17,target_only,0.5344444444444444,0.0,0.5144444444444445,0.5344444444444444,0.019999999999999907,0.0
primary,17,top1,0.5116666666666666,1.0,0.5144444444444445,0.5344444444444444,-0.002777777777777879,-0.022777777777777786
primary,17,top3,0.48611111111111105,3.0,0.5144444444444445,0.5344444444444444,-0.028333333333333433,-0.04833333333333334
primary,18,all_sources,0.6711111111111111,6.0,0.6711111111111111,0.6716666666666666,0.0,-0.0005555555555555314
primary,18,mcs_stepdown,0.6333333333333333,2.466666666666667,0.6711111111111111,0.6716666666666666,-0.0377777777777778,-0.03833333333333333
primary,18,pair_ref,0.6449999999999999,3.033333333333333,0.6711111111111111,0.6716666666666666,-0.026111111111111196,-0.026666666666666727
primary,18,target_only,0.6716666666666666,0.0,0.6711111111111111,0.6716666666666666,0.0005555555555555314,0.0
primary,18,top1,0.5566666666666666,1.0,0.6711111111111111,0.6716666666666666,-0.11444444444444446,-0.11499999999999999
primary,18,top3,0.6705555555555556,3.0,0.6711111111111111,0.6716666666666666,-0.0005555555555555314,-0.0011111111111110628
primary,19,all_sources,0.5616666666666668,6.0,0.5616666666666668,0.8433333333333334,0.0,-0.2816666666666666
primary,19,mcs_stepdown,0.74,2.7666666666666666,0.5616666666666668,0.8433333333333334,0.17833333333333323,-0.10333333333333339
primary,19,pair_ref,0.6027777777777777,3.8333333333333335,0.5616666666666668,0.8433333333333334,0.04111111111111099,-0.24055555555555563
primary,19,target_only,0.8433333333333334,0.0,0.5616666666666668,0.8433333333333334,0.2816666666666666,0.0
primary,19,top1,0.7655555555555555,1.0,0.5616666666666668,0.8433333333333334,0.2038888888888888,-0.07777777777777783
primary,19,top3,0.7861111111111111,3.0,0.5616666666666668,0.8433333333333334,0.22444444444444434,-0.057222222222222285
primary,20,all_sources,0.7379166666666667,5.0,0.7379166666666667,0.6429166666666667,0.0,0.09499999999999997
primary,20,mcs_stepdown,0.6875,1.0,0.7379166666666667,0.6429166666666667,-0.050416666666666665,0.04458333333333331
primary,20,pair_ref,0.6875,1.0,0.7379166666666667,0.6429166666666667,-0.050416666666666665,0.04458333333333331
primary,20,target_only,0.6429166666666667,0.0,0.7379166666666667,0.6429166666666667,-0.09499999999999997,0.0
primary,20,top1,0.6875,1.0,0.7379166666666667,0.6429166666666667,-0.050416666666666665,0.04458333333333331
primary,20,top3,0.7083333333333334,3.0,0.7379166666666667,0.6429166666666667,-0.029583333333333295,0.06541666666666668
