subject,target_session,n_sources,n_channels,target_trials,left_target_trials,right_target_trials,wrong_target_pair_ref_size,rect_size,rect_sessions,pair_ref_size,pair_ref_sessions,mcs_stepdown_size,mcs_stepdown_sessions,top1_size,top1_sessions,top3_size,top3_sessions
1,7,6,41,119,60,59,1,2,"5,6",1,6,1,6,1,6,3,"6,5,1"
2,7,6,41,119,60,59,4,4,"1,3,5,6",4,"1,3,5,6",2,"5,6",1,5,3,"5,6,1"
3,7,6,41,120,60,60,2,2,"3,6",2,"3,6",1,6,1,6,3,"6,3,5"
4,7,6,41,120,60,60,3,3,"1,5,6",3,"1,5,6",3,"1,5,6",1,5,3,"5,6,1"
5,7,6,41,120,60,60,2,2,"1,5",2,"1,5",2,"1,5",1,5,3,"5,1,3"
6,7,6,41,120,60,60,1,1,3,1,3,1,3,1,3,3,"3,4,2"
7,7,6,41,120,60,60,2,2,"1,3",2,"1,3",2,"1,3",1,3,3,"3,1,5"
8,7,6,41,120,60,60,4,4,"1,3,4,5",4,"1,3,4,5",3,"3,4,5",1,3,3,"3,5,4"
9,7,6,41,120,60,60,1,1,3,1,3,1,3,1,3,3,"3,5,6"
10,7,6,41,120,60,60,3,3,"3,4,5",3,"3,4,5",3,"3,4,5",1,4,3,"4,5,3"
11,7,6,41,120,60,60,2,2,"3,5",2,"3,5",2,"3,5",1,5,3,"5,3,4"
12,7,6,41,120,60,60,6,6,"1,2,3,4,5,6",6,"1,2,3,4,5,6",6,"1,2,3,4,5,6",1,3,3,"3,1,5"
13,7,6,26,120,60,60,4,4,"2,3,5,6",4,"2,3,5,6",5,"1,2,3,5,6",1,5,3,"5,6,3"
14,7,6,26,120,60,60,2,2,"4,5",2,"4,5",1,5,1,5,3,"5,2,4"
15,7,6,26,120,60,60,1,2,"1,5",1,5,1,5,1,5,3,"5,1,2"
16,7,6,26,120,60,60,3,4,"1,3,4,6",3,"1,3,6",1,6,1,6,3,"6,3,4"
17,7,6,26,120,60,60,1,1,4,1,4,1,4,1,4,3,"4,2,5"
18,7,6,26,120,60,60,4,4,"1,3,5,6",4,"1,3,5,6",1,5,1,5,3,"5,6,3"
19,7,6,26,120,60,60,4,4,"3,4,5,6",4,"3,4,5,6",2,"4,5",1,4,3,"4,5,3"
20,6,5,26,160,80,80,1,1,3,1,3,1,3,1,3,3,"3,2,4"
