analysis,method,subjects,mean_set_size,mean_balanced_accuracy,mean_diff_vs_all,mean_diff_vs_target,below_all_rate,below_target_rate
primary,all_sources,9,4.0,0.7375781441400249,0.0,-0.029573199575050238,0.0,0.6666666666666666
primary,mcs_stepdown,9,1.7037037037037037,0.7394071346414098,0.0018289905013850133,-0.027744209073665222,0.5555555555555556,0.5555555555555556
primary,pair_ref,9,1.9555555555555557,0.7433489396057372,0.0057707954657124395,-0.0238024041093378,0.4444444444444444,0.5555555555555556
primary,target_only,9,0.0,0.7671513437150751,0.029573199575050238,0.0,0.3333333333333333,0.0
primary,top1,9,1.0,0.7339279749491198,-0.003650169190905007,-0.03322336876595525,0.5555555555555556,0.5555555555555556
primary,top3,9,3.0,0.7431772646652632,0.005599120525238465,-0.02397407904981177,0.5555555555555556,0.7777777777777778
rolling,all_sources,9,2.5,0.7480439623312799,0.0,-0.031147440183760373,0.0,0.7777777777777778
rolling,mcs_stepdown,9,1.5666666666666667,0.746361504834804,-0.0016824574964758126,-0.032829897680236184,0.4444444444444444,0.7777777777777778
rolling,pair_ref,9,1.7166666666666668,0.7467248030204634,-0.0013191593108165286,-0.0324665994945769,0.3333333333333333,0.7777777777777778
rolling,target_only,9,0.0,0.7791914025150403,0.031147440183760373,0.0,0.2222222222222222,0.0
rolling,top1,9,1.0,0.753003938536293,0.004959976205013089,-0.026187463978747286,0.4444444444444444,0.7777777777777778
rolling,top3,9,2.5,0.7480439623312799,0.0,-0.031147440183760373,0.0,0.7777777777777778
