subject,target_session,analysis,n_sources,target_trials,rect_size,rect_sessions,pair_ref_size,pair_ref_sessions,mcs_stepdown_size,mcs_stepdown_sessions,top1_size,top1_sessions,top3_size,top3_sessions,wrong_target_pair_ref_size
1,3,rolling,2,124,2,"1,2",1,1,1,1,1,1,2,"1,2",
1,4,rolling,3,112,1,3,1,3,1,3,1,3,3,"3,1,2",
1,5,primary,4,116,2,"1,3",2,"1,3",2,"1,3",1,3,3,"3,1,2",2.0
2,3,rolling,2,131,1,2,1,2,1,2,1,2,2,"2,1",
2,4,rolling,3,102,3,"1,2,3",3,"1,2,3",3,"1,2,3",1,3,3,"3,1,2",
2,5,primary,4,143,1,3,1,3,1,3,1,3,3,"3,2,4",1.0
3,3,rolling,2,118,2,"1,2",2,"1,2",2,"1,2",1,1,2,"1,2",
3,4,rolling,3,117,3,"1,2,3",3,"1,2,3",1,3,1,3,3,"3,1,2",
3,5,primary,4,113,4,"1,2,3,4",2,"1,2",2,"1,2",1,2,3,"2,1,3",3.0
4,3,rolling,2,153,1,2,1,2,1,2,1,2,2,"2,1",
4,4,rolling,3,153,3,"1,2,3",2,"1,2",2,"1,2",1,1,3,"1,2,3",
4,5,primary,4,154,1,3,1,3,1,3,1,3,3,"3,2,4",1.0
5,3,rolling,2,143,2,"1,2",1,1,1,1,1,1,2,"1,2",
5,4,rolling,3,156,1,3,1,3,1,3,1,3,3,"3,1,2",
5,5,primary,4,117,1,3,1,3,1,3,1,3,3,"3,4,1",1.0
6,3,rolling,2,134,2,"1,2",2,"1,2",2,"1,2",1,1,2,"1,2",
6,4,rolling,3,137,2,"2,3",1,3,1,3,1,3,3,"3,2,1",
6,5,primary,4,114,4,"1,2,3,4",4,"1,2,3,4",3,"1,3,4",1,3,3,"3,4,1",4.0
7,3,rolling,2,138,2,"1,2",2,"1,2",2,"1,2",1,1,2,"1,2",
7,4,rolling,3,107,3,"1,2,3",3,"1,2,3",2,"1,3",1,3,3,"3,1,2",
7,5,primary,4,125,3,"1,3,4",1,1,1,1,1,1,3,"1,3,4",1.0
8,3,rolling,2,106,2,"1,2",1,2,1,2,1,2,2,"2,1",
8,4,rolling,3,126,3,"1,2,3",2,"2,3",2,"2,3",1,2,3,"2,3,1",
8,5,primary,4,104,3,"2,3,4",2,"3,4",1,3,1,3,3,"3,4,2",2.0
9,3,rolling,2,135,2,"1,2",1,2,1,2,1,2,2,"2,1",
9,4,rolling,3,115,2,"2,3",2,"2,3",1,3,1,3,3,"3,2,1",
9,5,primary,4,130,2,"3,4",2,"3,4",1,4,1,4,3,"4,3,2",1.0
