dataset,subject,method,balanced_accuracy,n_train,n_test
ma2020,1,target_only,0.6816666666666666,20,20
ma2020,2,target_only,0.44666666666666666,20,20
ma2020,3,target_only,0.6416666666666667,20,20
ma2020,4,target_only,0.5683333333333334,20,20
ma2020,5,target_only,0.66,20,20
ma2020,6,target_only,0.425,20,20
ma2020,7,target_only,0.6116666666666667,20,20
ma2020,8,target_only,0.525,20,20
ma2020,9,target_only,0.46166666666666667,20,20
ma2020,10,target_only,0.5950000000000001,20,20
ma2020,11,target_only,0.4766666666666666,20,20
ma2020,12,target_only,0.6183333333333334,20,20
ma2020,13,target_only,0.6233333333333333,20,20
ma2020,14,target_only,0.5916666666666667,20,20
ma2020,15,target_only,0.5433333333333333,20,20
ma2020,16,target_only,0.9049999999999999,20,20
ma2020,17,target_only,0.5,20,20
ma2020,18,target_only,0.59,20,20
ma2020,19,target_only,0.5883333333333333,20,20
ma2020,20,target_only,0.58,20,20
ma2020,21,target_only,0.6783333333333333,20,20
ma2020,22,target_only,0.5266666666666667,20,20
ma2020,23,target_only,0.5333333333333333,20,20
ma2020,24,target_only,0.8433333333333334,20,20
ma2020,25,target_only,0.6633333333333333,20,20
stieger,1,target_only,0.7051801801801802,75,75
stieger,2,target_only,0.7719061166429587,75,75
stieger,3,target_only,0.6356448553816975,75,75
stieger,4,target_only,0.7600758653390233,75,75
stieger,5,target_only,0.9192271218587008,75,75
stieger,6,target_only,0.5218468468468468,75,75
stieger,7,target_only,0.5804646752015173,75,75
stieger,8,target_only,0.9787102892366051,75,75
stieger,9,target_only,0.869357515410147,75,75
stieger,10,target_only,0.6403390232337601,75,75
stieger,11,target_only,0.7986960644855382,75,75
stieger,12,target_only,0.5396396396396397,75,75
stieger,13,target_only,0.666429587482219,75,75
stieger,14,target_only,0.5166311047889995,75,75
stieger,15,target_only,0.8076458036984353,75,75
stieger,16,target_only,0.5350640113798009,75,75
stieger,17,target_only,0.6780227596017069,75,75
stieger,18,target_only,0.5025604551920341,75,75
stieger,19,target_only,0.9433025130393552,75,75
stieger,20,target_only,0.9252489331436701,75,75
stieger,21,target_only,0.8282954006638217,75,75
stieger,22,target_only,0.5120436225699384,75,75
stieger,23,target_only,0.7318397344713133,75,75
stieger,24,target_only,0.8652916073968705,75,75
stieger,25,target_only,0.7430417259364628,75,75
stieger,26,target_only,0.8510194404931247,75,75
stieger,27,target_only,0.5898411569464201,75,75
stieger,28,target_only,0.5897344713134187,75,75
stieger,29,target_only,0.9500948316737791,75,75
stieger,30,target_only,0.8881934566145092,75,75
stieger,31,target_only,0.5516121384542437,75,75
stieger,32,target_only,0.7737908961593173,75,75
stieger,33,target_only,0.8151849217638691,75,75
stieger,34,target_only,0.6972735893788525,75,75
stieger,35,target_only,0.8007942152678995,75,75
stieger,36,target_only,0.831981981981982,75,75
stieger,37,target_only,0.8182550972024656,75,75
stieger,38,target_only,0.9490872451398767,75,75
stieger,39,target_only,0.8363323850165956,75,75
stieger,40,target_only,0.7999525841631104,75,75
stieger,41,target_only,0.8945590327169275,75,75
stieger,42,target_only,0.5324205784732101,75,75
stieger,43,target_only,0.8077169274537696,75,75
stieger,44,target_only,0.7387861545756282,75,75
stieger,45,target_only,0.5328828828828829,75,75
stieger,46,target_only,0.850900900900901,75,75
stieger,47,target_only,0.6959696538643907,75,75
stieger,48,target_only,0.644701280227596,75,75
stieger,49,target_only,0.6560455192034139,75,75
stieger,50,target_only,0.9324679943100996,75,75
stieger,51,target_only,0.6853603603603603,75,75
stieger,52,target_only,0.9040659080132765,75,75
stieger,53,target_only,0.8777382645803697,75,75
stieger,54,target_only,0.4999881460407776,75,75
stieger,55,target_only,0.7409080132764344,75,75
stieger,56,target_only,0.7947724039829304,75,75
stieger,57,target_only,0.8102418207681367,75,75
stieger,58,target_only,0.6207325746799431,75,75
stieger,59,target_only,0.9497629208155524,75,75
stieger,60,target_only,0.7764224751066856,75,75
stieger,61,target_only,0.7531057373162636,75,75
stieger,62,target_only,0.6262446657183499,75,75
