dataset,method,subjects,mean_balanced_accuracy,mean_diff_vs_target_only,below_target_only_rate,subjects_above_target_only
ma2020,target_only,25,0.5951333333333334,0.0,0.0,0
ma2020,all_sources,25,0.6419333333333332,0.04679999999999998,0.28,17
ma2020,top1,25,0.6076666666666667,0.01253333333333333,0.32,17
ma2020,top3,25,0.6252666666666666,0.03013333333333333,0.28,18
ma2020,pair_ref,25,0.6434000000000001,0.04826666666666666,0.36,16
stieger,target_only,62,0.7426685174138484,0.0,0.0,0
stieger,all_sources,62,0.70002236956821,-0.04264614784563852,0.6774193548387096,20
stieger,top1,62,0.674799438657673,-0.06786907875617551,0.7903225806451613,13
stieger,top3,62,0.6928734761926613,-0.04979504122118723,0.6129032258064516,24
stieger,pair_ref,62,0.6952528717172182,-0.0474156456966304,0.5967741935483871,25
