dataset,method,subjects,mean_set_size,mean_balanced_accuracy,mean_diff_vs_all,mean_diff_vs_target,below_all_rate,below_target_rate
ma2020,all_sources,25,9.0,0.649090909090909,0.0,0.05800000000000001,0.0,0.12
ma2020,mcs_stepdown,25,4.956363636363636,0.6349090909090909,-0.01418181818181819,0.04381818181818181,0.6,0.2
ma2020,pair_ref,25,5.658181818181817,0.6407272727272728,-0.008363636363636377,0.04963636363636363,0.6,0.2
ma2020,target_only,25,0.0,0.5910909090909091,-0.05800000000000001,0.0,0.84,0.0
ma2020,top1,25,1.0,0.5969090909090908,-0.0521818181818182,0.0058181818181818066,0.8,0.4
ma2020,top3,25,3.0,0.6223636363636363,-0.026727272727272742,0.03127272727272726,0.84,0.24
stieger,all_sources,62,6.32258064516129,0.6842427559745047,0.0,-0.04483746419230291,0.0,0.7903225806451613
stieger,mcs_stepdown,62,2.47926267281106,0.6762956869068923,-0.007947069067612377,-0.05278453325991529,0.5967741935483871,0.8548387096774194
stieger,pair_ref,62,3.175115207373272,0.6811260387236618,-0.003116717250842902,-0.04795418144314582,0.5645161290322581,0.7741935483870968
stieger,target_only,62,0.0,0.7290802201668076,0.04483746419230291,0.0,0.20967741935483872,0.0
stieger,top1,62,1.0,0.6613539624999727,-0.02288879347453201,-0.06772625766683492,0.7258064516129032,0.8548387096774194
stieger,top3,62,3.0,0.6833553478290321,-0.000887408145472658,-0.04572487233777557,0.5161290322580645,0.7741935483870968
