dataset,subject,method,balanced_accuracy,set_size,all_accuracy,target_accuracy,diff_vs_all,diff_vs_target
ma2020,1,all_sources,0.5909090909090909,9.0,0.5909090909090909,0.5909090909090909,0.0,0.0
ma2020,1,mcs_stepdown,0.5909090909090909,2.4545454545454546,0.5909090909090909,0.5909090909090909,0.0,0.0
ma2020,1,pair_ref,0.6409090909090909,3.272727272727273,0.5909090909090909,0.5909090909090909,0.04999999999999993,0.04999999999999993
ma2020,1,target_only,0.5909090909090909,0.0,0.5909090909090909,0.5909090909090909,0.0,0.0
ma2020,1,top1,0.5954545454545455,1.0,0.5909090909090909,0.5909090909090909,0.004545454545454519,0.004545454545454519
ma2020,1,top3,0.5727272727272728,3.0,0.5909090909090909,0.5909090909090909,-0.018181818181818188,-0.018181818181818188
ma2020,2,all_sources,0.6181818181818183,9.0,0.6181818181818183,0.5318181818181817,0.0,0.08636363636363653
ma2020,2,mcs_stepdown,0.5636363636363636,3.8181818181818183,0.6181818181818183,0.5318181818181817,-0.054545454545454675,0.03181818181818186
ma2020,2,pair_ref,0.5863636363636364,5.181818181818182,0.6181818181818183,0.5318181818181817,-0.03181818181818186,0.054545454545454675
ma2020,2,target_only,0.5318181818181817,0.0,0.6181818181818183,0.5318181818181817,-0.08636363636363653,0.0
ma2020,2,top1,0.5,1.0,0.6181818181818183,0.5318181818181817,-0.11818181818181828,-0.031818181818181746
ma2020,2,top3,0.6045454545454546,3.0,0.6181818181818183,0.5318181818181817,-0.013636363636363669,0.07272727272727286
ma2020,3,all_sources,0.65,9.0,0.65,0.5863636363636364,0.0,0.0636363636363636
ma2020,3,mcs_stepdown,0.6409090909090909,8.363636363636363,0.65,0.5863636363636364,-0.00909090909090915,0.05454545454545445
ma2020,3,pair_ref,0.65,8.909090909090908,0.65,0.5863636363636364,0.0,0.0636363636363636
ma2020,3,target_only,0.5863636363636364,0.0,0.65,0.5863636363636364,-0.0636363636363636,0.0
ma2020,3,top1,0.5499999999999999,1.0,0.65,0.5863636363636364,-0.10000000000000009,-0.03636363636363649
ma2020,3,top3,0.6318181818181817,3.0,0.65,0.5863636363636364,-0.0181818181818183,0.0454545454545453
ma2020,4,all_sources,0.7181818181818183,9.0,0.7181818181818183,0.5272727272727272,0.0,0.19090909090909103
ma2020,4,mcs_stepdown,0.6136363636363636,2.3636363636363638,0.7181818181818183,0.5272727272727272,-0.10454545454545461,0.08636363636363642
ma2020,4,pair_ref,0.6590909090909091,3.090909090909091,0.7181818181818183,0.5272727272727272,-0.059090909090909194,0.13181818181818183
ma2020,4,target_only,0.5272727272727272,0.0,0.7181818181818183,0.5272727272727272,-0.19090909090909103,0.0
ma2020,4,top1,0.6136363636363636,1.0,0.7181818181818183,0.5272727272727272,-0.10454545454545461,0.08636363636363642
ma2020,4,top3,0.6227272727272727,3.0,0.7181818181818183,0.5272727272727272,-0.09545454545454557,0.09545454545454546
ma2020,5,all_sources,0.7000000000000001,9.0,0.7000000000000001,0.5409090909090909,0.0,0.15909090909090917
ma2020,5,mcs_stepdown,0.6954545454545454,8.727272727272727,0.7000000000000001,0.5409090909090909,-0.00454545454545463,0.15454545454545454
ma2020,5,pair_ref,0.6954545454545454,8.727272727272727,0.7000000000000001,0.5409090909090909,-0.00454545454545463,0.15454545454545454
ma2020,5,target_only,0.5409090909090909,0.0,0.7000000000000001,0.5409090909090909,-0.15909090909090917,0.0
ma2020,5,top1,0.6181818181818182,1.0,0.7000000000000001,0.5409090909090909,-0.0818181818181819,0.07727272727272727
ma2020,5,top3,0.6227272727272727,3.0,0.7000000000000001,0.5409090909090909,-0.07727272727272738,0.08181818181818179
ma2020,6,all_sources,0.6090909090909091,9.0,0.6090909090909091,0.5227272727272727,0.0,0.08636363636363642
ma2020,6,mcs_stepdown,0.5545454545454546,2.0,0.6090909090909091,0.5227272727272727,-0.054545454545454564,0.03181818181818186
ma2020,6,pair_ref,0.5636363636363636,2.727272727272727,0.6090909090909091,0.5227272727272727,-0.045454545454545525,0.040909090909090895
ma2020,6,target_only,0.5227272727272727,0.0,0.6090909090909091,0.5227272727272727,-0.08636363636363642,0.0
ma2020,6,top1,0.5318181818181817,1.0,0.6090909090909091,0.5227272727272727,-0.07727272727272738,0.009090909090909038
ma2020,6,top3,0.6,3.0,0.6090909090909091,0.5227272727272727,-0.00909090909090915,0.07727272727272727
ma2020,7,all_sources,0.6818181818181818,9.0,0.6818181818181818,0.6318181818181818,0.0,0.04999999999999993
ma2020,7,mcs_stepdown,0.6363636363636364,2.090909090909091,0.6818181818181818,0.6318181818181818,-0.045454545454545414,0.004545454545454519
ma2020,7,pair_ref,0.6318181818181818,3.6363636363636362,0.6818181818181818,0.6318181818181818,-0.04999999999999993,0.0
ma2020,7,target_only,0.6318181818181818,0.0,0.6818181818181818,0.6318181818181818,-0.04999999999999993,0.0
ma2020,7,top1,0.6363636363636364,1.0,0.6818181818181818,0.6318181818181818,-0.045454545454545414,0.004545454545454519
ma2020,7,top3,0.6909090909090909,3.0,0.6818181818181818,0.6318181818181818,0.00909090909090915,0.05909090909090908
ma2020,8,all_sources,0.5409090909090909,9.0,0.5409090909090909,0.5727272727272728,0.0,-0.03181818181818186
ma2020,8,mcs_stepdown,0.5590909090909091,4.181818181818182,0.5409090909090909,0.5727272727272728,0.018181818181818188,-0.013636363636363669
ma2020,8,pair_ref,0.5318181818181817,5.0,0.5409090909090909,0.5727272727272728,-0.00909090909090915,-0.040909090909091006
ma2020,8,target_only,0.5727272727272728,0.0,0.5409090909090909,0.5727272727272728,0.03181818181818186,0.0
ma2020,8,top1,0.5772727272727273,1.0,0.5409090909090909,0.5727272727272728,0.036363636363636376,0.004545454545454519
ma2020,8,top3,0.5181818181818182,3.0,0.5409090909090909,0.5727272727272728,-0.022727272727272707,-0.054545454545454564
ma2020,9,all_sources,0.6909090909090909,9.0,0.6909090909090909,0.5409090909090909,0.0,0.15000000000000002
ma2020,9,mcs_stepdown,0.6954545454545454,8.0,0.6909090909090909,0.5409090909090909,0.004545454545454519,0.15454545454545454
ma2020,9,pair_ref,0.7045454545454546,8.454545454545455,0.6909090909090909,0.5409090909090909,0.013636363636363669,0.1636363636363637
ma2020,9,target_only,0.5409090909090909,0.0,0.6909090909090909,0.5409090909090909,-0.15000000000000002,0.0
ma2020,9,top1,0.640909090909091,1.0,0.6909090909090909,0.5409090909090909,-0.04999999999999993,0.10000000000000009
ma2020,9,top3,0.6590909090909091,3.0,0.6909090909090909,0.5409090909090909,-0.03181818181818186,0.11818181818181817
ma2020,10,all_sources,0.7136363636363636,9.0,0.7136363636363636,0.5454545454545454,0.0,0.1681818181818182
ma2020,10,mcs_stepdown,0.7045454545454546,7.181818181818182,0.7136363636363636,0.5454545454545454,-0.009090909090909038,0.15909090909090917
ma2020,10,pair_ref,0.7045454545454546,8.363636363636363,0.7136363636363636,0.5454545454545454,-0.009090909090909038,0.15909090909090917
ma2020,10,target_only,0.5454545454545454,0.0,0.7136363636363636,0.5454545454545454,-0.1681818181818182,0.0
ma2020,10,top1,0.6045454545454545,1.0,0.7136363636363636,0.5454545454545454,-0.10909090909090913,0.05909090909090908
ma2020,10,top3,0.7,3.0,0.7136363636363636,0.5454545454545454,-0.013636363636363669,0.15454545454545454
ma2020,11,all_sources,0.5454545454545454,9.0,0.5454545454545454,0.4636363636363637,0.0,0.08181818181818173
ma2020,11,mcs_stepdown,0.5181818181818182,2.3636363636363638,0.5454545454545454,0.4636363636363637,-0.027272727272727226,0.05454545454545451
ma2020,11,pair_ref,0.4954545454545455,3.4545454545454546,0.5454545454545454,0.4636363636363637,-0.04999999999999993,0.0318181818181818
ma2020,11,target_only,0.4636363636363637,0.0,0.5454545454545454,0.4636363636363637,-0.08181818181818173,0.0
ma2020,11,top1,0.509090909090909,1.0,0.5454545454545454,0.4636363636363637,-0.036363636363636376,0.04545454545454536
ma2020,11,top3,0.4818181818181818,3.0,0.5454545454545454,0.4636363636363637,-0.0636363636363636,0.018181818181818132
ma2020,12,all_sources,0.6545454545454545,9.0,0.6545454545454545,0.6090909090909091,0.0,0.045454545454545414
ma2020,12,mcs_stepdown,0.65,6.818181818181818,0.6545454545454545,0.6090909090909091,-0.004545454545454519,0.040909090909090895
ma2020,12,pair_ref,0.65,7.181818181818182,0.6545454545454545,0.6090909090909091,-0.004545454545454519,0.040909090909090895
ma2020,12,target_only,0.6090909090909091,0.0,0.6545454545454545,0.6090909090909091,-0.045454545454545414,0.0
ma2020,12,top1,0.5909090909090909,1.0,0.6545454545454545,0.6090909090909091,-0.0636363636363636,-0.018181818181818188
ma2020,12,top3,0.6272727272727273,3.0,0.6545454545454545,0.6090909090909091,-0.027272727272727226,0.018181818181818188
ma2020,13,all_sources,0.6045454545454546,9.0,0.6045454545454546,0.6363636363636364,0.0,-0.031818181818181746
ma2020,13,mcs_stepdown,0.6045454545454546,5.545454545454546,0.6045454545454546,0.6363636363636364,0.0,-0.031818181818181746
ma2020,13,pair_ref,0.5772727272727273,6.636363636363637,0.6045454545454546,0.6363636363636364,-0.027272727272727337,-0.05909090909090908
ma2020,13,target_only,0.6363636363636364,0.0,0.6045454545454546,0.6363636363636364,0.031818181818181746,0.0
ma2020,13,top1,0.6136363636363636,1.0,0.6045454545454546,0.6363636363636364,0.009090909090909038,-0.022727272727272707
ma2020,13,top3,0.6227272727272727,3.0,0.6045454545454546,0.6363636363636364,0.018181818181818077,-0.013636363636363669
ma2020,14,all_sources,0.6590909090909091,9.0,0.6590909090909091,0.5,0.0,0.15909090909090906
ma2020,14,mcs_stepdown,0.6954545454545454,5.545454545454546,0.6590909090909091,0.5,0.036363636363636376,0.19545454545454544
ma2020,14,pair_ref,0.6909090909090909,6.636363636363637,0.6590909090909091,0.5,0.03181818181818186,0.19090909090909092
ma2020,14,target_only,0.5,0.0,0.6590909090909091,0.5,-0.15909090909090906,0.0
ma2020,14,top1,0.609090909090909,1.0,0.6590909090909091,0.5,-0.050000000000000044,0.10909090909090902
ma2020,14,top3,0.6545454545454545,3.0,0.6590909090909091,0.5,-0.004545454545454519,0.15454545454545454
ma2020,15,all_sources,0.65,9.0,0.65,0.6272727272727273,0.0,0.022727272727272707
ma2020,15,mcs_stepdown,0.6636363636363636,7.363636363636363,0.65,0.6272727272727273,0.013636363636363558,0.036363636363636265
ma2020,15,pair_ref,0.6727272727272727,7.545454545454546,0.65,0.6272727272727273,0.022727272727272707,0.045454545454545414
ma2020,15,target_only,0.6272727272727273,0.0,0.65,0.6272727272727273,-0.022727272727272707,0.0
ma2020,15,top1,0.6181818181818182,1.0,0.65,0.6272727272727273,-0.03181818181818186,-0.00909090909090915
ma2020,15,top3,0.6454545454545454,3.0,0.65,0.6272727272727273,-0.00454545454545463,0.018181818181818077
ma2020,16,all_sources,0.7136363636363637,9.0,0.7136363636363637,0.5454545454545454,0.0,0.16818181818181832
ma2020,16,mcs_stepdown,0.7045454545454546,4.0,0.7136363636363637,0.5454545454545454,-0.00909090909090915,0.15909090909090917
ma2020,16,pair_ref,0.7,4.454545454545454,0.7136363636363637,0.5454545454545454,-0.01363636363636378,0.15454545454545454
ma2020,16,target_only,0.5454545454545454,0.0,0.7136363636363637,0.5454545454545454,-0.16818181818181832,0.0
ma2020,16,top1,0.6272727272727273,1.0,0.7136363636363637,0.5454545454545454,-0.08636363636363642,0.0818181818181819
ma2020,16,top3,0.6727272727272727,3.0,0.7136363636363637,0.5454545454545454,-0.040909090909091006,0.12727272727272732
ma2020,17,all_sources,0.6499999999999999,9.0,0.6499999999999999,0.5363636363636364,0.0,0.11363636363636354
ma2020,17,mcs_stepdown,0.6499999999999999,9.0,0.6499999999999999,0.5363636363636364,0.0,0.11363636363636354
ma2020,17,pair_ref,0.6499999999999999,9.0,0.6499999999999999,0.5363636363636364,0.0,0.11363636363636354
ma2020,17,target_only,0.5363636363636364,0.0,0.6499999999999999,0.5363636363636364,-0.11363636363636354,0.0
ma2020,17,top1,0.5681818181818182,1.0,0.6499999999999999,0.5363636363636364,-0.08181818181818168,0.03181818181818186
ma2020,17,top3,0.5772727272727273,3.0,0.6499999999999999,0.5363636363636364,-0.07272727272727264,0.040909090909090895
ma2020,18,all_sources,0.5909090909090909,9.0,0.5909090909090909,0.4772727272727273,0.0,0.11363636363636365
ma2020,18,mcs_stepdown,0.5363636363636364,2.272727272727273,0.5909090909090909,0.4772727272727273,-0.054545454545454564,0.05909090909090908
ma2020,18,pair_ref,0.5454545454545454,3.5454545454545454,0.5909090909090909,0.4772727272727273,-0.045454545454545525,0.06818181818181812
ma2020,18,target_only,0.4772727272727273,0.0,0.5909090909090909,0.4772727272727273,-0.11363636363636365,0.0
ma2020,18,top1,0.5318181818181817,1.0,0.5909090909090909,0.4772727272727273,-0.059090909090909194,0.05454545454545445
ma2020,18,top3,0.5363636363636364,3.0,0.5909090909090909,0.4772727272727273,-0.054545454545454564,0.05909090909090908
ma2020,19,all_sources,0.5409090909090909,9.0,0.5409090909090909,0.5318181818181819,0.0,0.009090909090909038
ma2020,19,mcs_stepdown,0.5727272727272728,4.0,0.5409090909090909,0.5318181818181819,0.03181818181818186,0.040909090909090895
ma2020,19,pair_ref,0.5727272727272728,5.545454545454546,0.5409090909090909,0.5318181818181819,0.03181818181818186,0.040909090909090895
ma2020,19,target_only,0.5318181818181819,0.0,0.5409090909090909,0.5318181818181819,-0.009090909090909038,0.0
ma2020,19,top1,0.5636363636363636,1.0,0.5409090909090909,0.5318181818181819,0.022727272727272707,0.031818181818181746
ma2020,19,top3,0.5318181818181817,3.0,0.5409090909090909,0.5318181818181819,-0.00909090909090915,-1.1102230246251565e-16
ma2020,20,all_sources,0.6681818181818181,9.0,0.6681818181818181,0.5818181818181819,0.0,0.0863636363636362
ma2020,20,mcs_stepdown,0.6818181818181818,7.545454545454546,0.6681818181818181,0.5818181818181819,0.013636363636363669,0.09999999999999987
ma2020,20,pair_ref,0.6954545454545454,7.454545454545454,0.6681818181818181,0.5818181818181819,0.027272727272727337,0.11363636363636354
ma2020,20,target_only,0.5818181818181819,0.0,0.6681818181818181,0.5818181818181819,-0.0863636363636362,0.0
ma2020,20,top1,0.5909090909090909,1.0,0.6681818181818181,0.5818181818181819,-0.07727272727272716,0.009090909090909038
ma2020,20,top3,0.65,3.0,0.6681818181818181,0.5818181818181819,-0.018181818181818077,0.06818181818181812
ma2020,21,all_sources,0.7363636363636363,9.0,0.7363636363636363,0.6136363636363636,0.0,0.12272727272727268
ma2020,21,mcs_stepdown,0.7272727272727273,6.0,0.7363636363636363,0.6136363636363636,-0.009090909090909038,0.11363636363636365
ma2020,21,pair_ref,0.7227272727272728,6.363636363636363,0.7363636363636363,0.6136363636363636,-0.013636363636363558,0.10909090909090913
ma2020,21,target_only,0.6136363636363636,0.0,0.7363636363636363,0.6136363636363636,-0.12272727272727268,0.0
ma2020,21,top1,0.6409090909090909,1.0,0.7363636363636363,0.6136363636363636,-0.09545454545454546,0.027272727272727226
ma2020,21,top3,0.6863636363636364,3.0,0.7363636363636363,0.6136363636363636,-0.04999999999999993,0.07272727272727275
ma2020,22,all_sources,0.5636363636363636,9.0,0.5636363636363636,0.45454545454545453,0.0,0.10909090909090907
ma2020,22,mcs_stepdown,0.5681818181818182,6.909090909090909,0.5636363636363636,0.45454545454545453,0.00454545454545463,0.1136363636363637
ma2020,22,pair_ref,0.5681818181818182,7.363636363636363,0.5636363636363636,0.45454545454545453,0.00454545454545463,0.1136363636363637
ma2020,22,target_only,0.45454545454545453,0.0,0.5636363636363636,0.45454545454545453,-0.10909090909090907,0.0
ma2020,22,top1,0.5681818181818182,1.0,0.5636363636363636,0.45454545454545453,0.00454545454545463,0.1136363636363637
ma2020,22,top3,0.5636363636363636,3.0,0.5636363636363636,0.45454545454545453,0.0,0.10909090909090907
ma2020,23,all_sources,0.6045454545454546,9.0,0.6045454545454546,0.4954545454545455,0.0,0.10909090909090913
ma2020,23,mcs_stepdown,0.5772727272727273,2.5454545454545454,0.6045454545454546,0.4954545454545455,-0.027272727272727337,0.08181818181818179
ma2020,23,pair_ref,0.6272727272727272,3.6363636363636362,0.6045454545454546,0.4954545454545455,0.022727272727272596,0.13181818181818172
ma2020,23,target_only,0.4954545454545455,0.0,0.6045454545454546,0.4954545454545455,-0.10909090909090913,0.0
ma2020,23,top1,0.5545454545454546,1.0,0.6045454545454546,0.4954545454545455,-0.050000000000000044,0.05909090909090908
ma2020,23,top3,0.6090909090909091,3.0,0.6045454545454546,0.4954545454545455,0.004545454545454519,0.11363636363636365
ma2020,24,all_sources,0.8363636363636363,9.0,0.8363636363636363,0.6,0.0,0.23636363636363633
ma2020,24,mcs_stepdown,0.8045454545454546,2.4545454545454546,0.8363636363636363,0.6,-0.031818181818181746,0.20454545454545459
ma2020,24,pair_ref,0.8227272727272728,2.8181818181818183,0.8363636363636363,0.6,-0.013636363636363558,0.22272727272727277
ma2020,24,target_only,0.6,0.0,0.8363636363636363,0.6,-0.23636363636363633,0.0
ma2020,24,top1,0.7954545454545454,1.0,0.8363636363636363,0.6,-0.040909090909090895,0.19545454545454544
ma2020,24,top3,0.8181818181818182,3.0,0.8363636363636363,0.6,-0.018181818181818077,0.21818181818181825
ma2020,25,all_sources,0.6954545454545454,9.0,0.6954545454545454,0.6045454545454546,0.0,0.09090909090909083
ma2020,25,mcs_stepdown,0.6636363636363636,2.3636363636363638,0.6954545454545454,0.6045454545454546,-0.03181818181818186,0.05909090909090897
ma2020,25,pair_ref,0.6590909090909091,2.4545454545454546,0.6954545454545454,0.6045454545454546,-0.036363636363636376,0.05454545454545445
ma2020,25,target_only,0.6045454545454546,0.0,0.6954545454545454,0.6045454545454546,-0.09090909090909083,0.0
ma2020,25,top1,0.6727272727272727,1.0,0.6954545454545454,0.6045454545454546,-0.022727272727272707,0.06818181818181812
ma2020,25,top3,0.6590909090909091,3.0,0.6954545454545454,0.6045454545454546,-0.036363636363636376,0.05454545454545445
stieger,1,all_sources,0.6865474497053444,7.0,0.6865474497053444,0.6053647632595001,0.0,0.08118268644584437
stieger,1,mcs_stepdown,0.6551513919934973,4.571428571428571,0.6865474497053444,0.6053647632595001,-0.03139605771184717,0.049786628733997196
stieger,1,pair_ref,0.6689697216013005,4.285714285714286,0.6865474497053444,0.6053647632595001,-0.0175777281040439,0.06360495834180047
stieger,1,target_only,0.6053647632595001,0.0,0.6865474497053444,0.6053647632595001,-0.08118268644584437,0.0
stieger,1,top1,0.6053647632595001,1.0,0.6865474497053444,0.6053647632595001,-0.08118268644584437,0.0
stieger,1,top3,0.6640926640926642,3.0,0.6865474497053444,0.6053647632595001,-0.022454785612680217,0.05872790083316415
stieger,2,all_sources,0.7299837431416378,7.0,0.7299837431416378,0.6868522657996342,0.0,0.04313147734200362
stieger,2,mcs_stepdown,0.7179435074171916,2.857142857142857,0.7299837431416378,0.6868522657996342,-0.012040235724446235,0.031091241617557386
stieger,2,pair_ref,0.7022962812436496,3.0,0.7299837431416378,0.6868522657996342,-0.027687461897988208,0.015444015444015413
stieger,2,target_only,0.6868522657996342,0.0,0.7299837431416378,0.6868522657996342,-0.04313147734200362,0.0
stieger,2,top1,0.7231761837024996,1.0,0.7299837431416378,0.6868522657996342,-0.006807559439138244,0.03632391790286538
stieger,2,top3,0.7662568583621215,3.0,0.7299837431416378,0.6868522657996342,0.03627311522048371,0.07940459256248733
stieger,3,all_sources,0.6794689426268373,5.0,0.6794689426268373,0.6363205310573732,0.0,0.04314841156946414
stieger,3,mcs_stepdown,0.6484115694642011,3.3333333333333335,0.6794689426268373,0.6363205310573732,-0.031057373162636237,0.012091038406827903
stieger,3,pair_ref,0.6801801801801801,3.6666666666666665,0.6794689426268373,0.6363205310573732,0.0007112375533427917,0.04385964912280693
stieger,3,target_only,0.6363205310573732,0.0,0.6794689426268373,0.6363205310573732,-0.04314841156946414,0.0
stieger,3,top1,0.6487671882408724,1.0,0.6794689426268373,0.6363205310573732,-0.030701754385964897,0.012446657183499243
stieger,3,top3,0.669511616880038,3.0,0.6794689426268373,0.6363205310573732,-0.009957325746799306,0.033191085822664834
stieger,4,all_sources,0.8257976021133916,7.0,0.8257976021133916,0.8894025604551921,0.0,-0.06360495834180047
stieger,4,mcs_stepdown,0.7941475309896362,1.7142857142857142,0.8257976021133916,0.8894025604551921,-0.0316500711237554,-0.09525502946555586
stieger,4,pair_ref,0.8704023572444625,3.0,0.8257976021133916,0.8894025604551921,0.04460475513107087,-0.019000203210729594
stieger,4,target_only,0.8894025604551921,0.0,0.8257976021133916,0.8894025604551921,0.06360495834180047,0.0
stieger,4,top1,0.8258484047957733,1.0,0.8257976021133916,0.8894025604551921,5.080268238166763e-05,-0.0635541556594188
stieger,4,top3,0.8379394432026012,3.0,0.8257976021133916,0.8894025604551921,0.01214184108920957,-0.051463117252590895
stieger,5,all_sources,0.8174490279753438,5.0,0.8174490279753438,0.8662873399715504,0.0,-0.048838311996206585
stieger,5,mcs_stepdown,0.8035798956851589,2.0,0.8174490279753438,0.8662873399715504,-0.013869132290184938,-0.06270744428639152
stieger,5,pair_ref,0.8079658605974395,2.3333333333333335,0.8174490279753438,0.8662873399715504,-0.009483167377904334,-0.05832147937411092
stieger,5,target_only,0.8662873399715504,0.0,0.8174490279753438,0.8662873399715504,0.048838311996206585,0.0
stieger,5,top1,0.8274063537221431,1.0,0.8174490279753438,0.8662873399715504,0.009957325746799306,-0.03888098624940728
stieger,5,top3,0.808321479374111,3.0,0.8174490279753438,0.8662873399715504,-0.009127548601232771,-0.057965860597439356
stieger,6,all_sources,0.5539355144618302,5.0,0.5539355144618302,0.5591512565196776,0.0,-0.005215742057847361
stieger,6,mcs_stepdown,0.5674490279753438,4.666666666666667,0.5539355144618302,0.5591512565196776,0.013513513513513598,0.008297771455666236
stieger,6,pair_ref,0.5539355144618302,5.0,0.5539355144618302,0.5591512565196776,0.0,-0.005215742057847361
stieger,6,target_only,0.5591512565196776,0.0,0.5539355144618302,0.5591512565196776,0.005215742057847361,0.0
stieger,6,top1,0.5257230915125651,1.0,0.5539355144618302,0.5591512565196776,-0.02821242294926507,-0.03342816500711243
stieger,6,top3,0.5399478425794215,3.0,0.5539355144618302,0.5591512565196776,-0.013987671882408681,-0.019203413940256042
stieger,7,all_sources,0.5206766917293233,7.0,0.5206766917293233,0.5424710424710425,0.0,-0.021794350741719204
stieger,7,mcs_stepdown,0.5300751879699248,1.4285714285714286,0.5206766917293233,0.5424710424710425,0.009398496240601517,-0.012395854501117687
stieger,7,pair_ref,0.5486689697216013,1.8571428571428572,0.5206766917293233,0.5424710424710425,0.027992277992277992,0.006197927250558788
stieger,7,target_only,0.5424710424710425,0.0,0.5206766917293233,0.5424710424710425,0.021794350741719204,0.0
stieger,7,top1,0.5075187969924813,1.0,0.5206766917293233,0.5424710424710425,-0.013157894736842035,-0.03495224547856124
stieger,7,top3,0.567516764885186,3.0,0.5206766917293233,0.5424710424710425,0.046840073155862694,0.02504572241414349
stieger,8,all_sources,0.7980085348506402,7.0,0.7980085348506402,0.9216114610851454,0.0,-0.1236029262345052
stieger,8,mcs_stepdown,0.8508433245275351,1.2857142857142858,0.7980085348506402,0.9216114610851454,0.05283478967689492,-0.07076813655761027
stieger,8,pair_ref,0.8113696403170086,2.2857142857142856,0.7980085348506402,0.9216114610851454,0.013361105466368484,-0.11024182076813671
stieger,8,target_only,0.9216114610851454,0.0,0.7980085348506402,0.9216114610851454,0.1236029262345052,0.0
stieger,8,top1,0.8218857955700061,1.0,0.7980085348506402,0.9216114610851454,0.02387726071936591,-0.09972566551513928
stieger,8,top3,0.8001930501930501,3.0,0.7980085348506402,0.9216114610851454,0.0021845153424099317,-0.12141841089209526
stieger,9,all_sources,0.7144889250152408,7.0,0.7144889250152408,0.7638691322901848,0.0,-0.04938020727494408
stieger,9,mcs_stepdown,0.7278500304816095,2.0,0.7144889250152408,0.7638691322901848,0.013361105466368706,-0.03601910180857537
stieger,9,pair_ref,0.7047856126803496,3.0,0.7144889250152408,0.7638691322901848,-0.00970331233489119,-0.05908351960983527
stieger,9,target_only,0.7638691322901848,0.0,0.7144889250152408,0.7638691322901848,0.04938020727494408,0.0
stieger,9,top1,0.7312538102011786,1.0,0.7144889250152408,0.7638691322901848,0.016764885185937883,-0.03261532208900619
stieger,9,top3,0.7617354196301565,3.0,0.7144889250152408,0.7638691322901848,0.0472464946149157,-0.002133712660028375
stieger,10,all_sources,0.6343730948994107,7.0,0.6343730948994107,0.5334789676894941,0.0,0.10089412720991664
stieger,10,mcs_stepdown,0.6058727900833164,2.0,0.6343730948994107,0.5334789676894941,-0.028500304816094335,0.0723938223938223
stieger,10,pair_ref,0.6208595813858971,1.8571428571428572,0.6343730948994107,0.5334789676894941,-0.013513513513513598,0.08738061369640304
stieger,10,target_only,0.5334789676894941,0.0,0.6343730948994107,0.5334789676894941,-0.10089412720991664,0.0
stieger,10,top1,0.6189798821377769,1.0,0.6343730948994107,0.5334789676894941,-0.015393212761633857,0.08550091444828278
stieger,10,top3,0.6215200162568584,3.0,0.6343730948994107,0.5334789676894941,-0.012853078642552362,0.08804104856736428
stieger,11,all_sources,0.6400629953261533,7.0,0.6400629953261533,0.5902763665921561,0.0,0.049786628733997196
stieger,11,mcs_stepdown,0.6286831944726681,2.5714285714285716,0.6400629953261533,0.5902763665921561,-0.011379800853485222,0.03840682788051197
stieger,11,pair_ref,0.6321885795570006,2.857142857142857,0.6400629953261533,0.5902763665921561,-0.00787441576915271,0.041912212964844486
stieger,11,target_only,0.5902763665921561,0.0,0.6400629953261533,0.5902763665921561,-0.049786628733997196,0.0
stieger,11,top1,0.5872790083316399,1.0,0.6400629953261533,0.5902763665921561,-0.052783986994513366,-0.0029973582605161697
stieger,11,top3,0.6460069091648039,3.0,0.6400629953261533,0.5902763665921561,0.005943913838650561,0.05573054257264776
stieger,12,all_sources,0.6379292826661248,7.0,0.6379292826661248,0.5710729526519,0.0,0.06685633001422486
stieger,12,mcs_stepdown,0.6196911196911197,2.142857142857143,0.6379292826661248,0.5710729526519,-0.018238162975005134,0.04861816703921973
stieger,12,pair_ref,0.6045011176590124,3.4285714285714284,0.6379292826661248,0.5710729526519,-0.03342816500711243,0.03342816500711243
stieger,12,target_only,0.5710729526519,0.0,0.6379292826661248,0.5710729526519,-0.06685633001422486,0.0
stieger,12,top1,0.602773826458037,1.0,0.6379292826661248,0.5710729526519,-0.0351554562080878,0.031700873806137064
stieger,12,top3,0.604399512294249,3.0,0.6379292826661248,0.5710729526519,-0.03352977037187577,0.033326559642349096
stieger,13,all_sources,0.5546636862426336,7.0,0.5546636862426336,0.5953058321479375,0.0,-0.040642145905303906
stieger,13,mcs_stepdown,0.5934769355821986,2.857142857142857,0.5546636862426336,0.5953058321479375,0.03881324933956498,-0.0018288965657389245
stieger,13,pair_ref,0.5847388742125583,4.0,0.5546636862426336,0.5953058321479375,0.0300751879699247,-0.010566957935379206
stieger,13,target_only,0.5953058321479375,0.0,0.5546636862426336,0.5953058321479375,0.040642145905303906,0.0
stieger,13,top1,0.5870757976021135,1.0,0.5546636862426336,0.5953058321479375,0.032412111359479856,-0.00823003454582405
stieger,13,top3,0.5789981711034342,3.0,0.5546636862426336,0.5953058321479375,0.024334484860800587,-0.01630766104450332
stieger,14,all_sources,0.6984860800650274,7.0,0.6984860800650274,0.6195387116439749,0.0,0.07894736842105254
stieger,14,mcs_stepdown,0.6637878479983744,1.4285714285714286,0.6984860800650274,0.6195387116439749,-0.03469823206665301,0.04424913635439953
stieger,14,pair_ref,0.6766409266409266,2.7142857142857144,0.6984860800650274,0.6195387116439749,-0.02184515342410087,0.05710221499695167
stieger,14,target_only,0.6195387116439749,0.0,0.6984860800650274,0.6195387116439749,-0.07894736842105254,0.0
stieger,14,top1,0.6690713269660639,1.0,0.6984860800650274,0.6195387116439749,-0.029414753098963575,0.04953261532208897
stieger,14,top3,0.6751676488518594,3.0,0.6984860800650274,0.6195387116439749,-0.02331843121316801,0.05562893720788453
stieger,15,all_sources,0.6334078439341597,7.0,0.6334078439341597,0.6376752692542167,0.0,-0.004267425320056972
stieger,15,mcs_stepdown,0.5850944929892298,2.5714285714285716,0.6334078439341597,0.6376752692542167,-0.048313350944929945,-0.05258077626498692
stieger,15,pair_ref,0.6287847998374314,4.142857142857143,0.6334078439341597,0.6376752692542167,-0.004623044096728313,-0.008890469416785285
stieger,15,target_only,0.6376752692542167,0.0,0.6334078439341597,0.6376752692542167,0.004267425320056972,0.0
stieger,15,top1,0.602773826458037,1.0,0.6334078439341597,0.6376752692542167,-0.03063401747612271,-0.03490144279617968
stieger,15,top3,0.6353383458646616,3.0,0.6334078439341597,0.6376752692542167,0.0019305019305019266,-0.0023369233895550456
stieger,16,all_sources,0.659977646819752,7.0,0.659977646819752,0.5673643568380411,0.0,0.09261328998171092
stieger,16,mcs_stepdown,0.6066856330014225,3.2857142857142856,0.659977646819752,0.5673643568380411,-0.05329201381832949,0.039321276163381436
stieger,16,pair_ref,0.6074476732371469,4.285714285714286,0.659977646819752,0.5673643568380411,-0.05252997358260514,0.040083316399105784
stieger,16,target_only,0.5673643568380411,0.0,0.659977646819752,0.5673643568380411,-0.09261328998171092,0.0
stieger,16,top1,0.6063300142247511,1.0,0.659977646819752,0.5673643568380411,-0.05364763259500094,0.038965657386709984
stieger,16,top3,0.6363035968299126,3.0,0.659977646819752,0.5673643568380411,-0.023674049989839463,0.06893923999187146
stieger,17,all_sources,0.6810607600081285,7.0,0.6810607600081285,0.5907843934159723,0.0,0.09027636659215621
stieger,17,mcs_stepdown,0.6695285511074985,4.714285714285714,0.6810607600081285,0.5907843934159723,-0.011532208900630003,0.0787441576915262
stieger,17,pair_ref,0.6872586872586872,5.857142857142857,0.6810607600081285,0.5907843934159723,0.006197927250558677,0.09647429384271489
stieger,17,target_only,0.5907843934159723,0.0,0.6810607600081285,0.5907843934159723,-0.09027636659215621,0.0
stieger,17,top1,0.5952550294655559,1.0,0.6810607600081285,0.5907843934159723,-0.08580573054257268,0.004470636049583532
stieger,17,top3,0.6844645397276976,3.0,0.6810607600081285,0.5907843934159723,0.0034037797195690667,0.09368014631172528
stieger,18,all_sources,0.48374314163787846,7.0,0.48374314163787846,0.44731761837024997,0.0,0.03642552326762849
stieger,18,mcs_stepdown,0.5062995326153221,3.5714285714285716,0.48374314163787846,0.44731761837024997,0.022556390977443663,0.05898191424507215
stieger,18,pair_ref,0.4887726071936598,4.285714285714286,0.48374314163787846,0.44731761837024997,0.005029465555781321,0.04145498882340981
stieger,18,target_only,0.44731761837024997,0.0,0.48374314163787846,0.44731761837024997,-0.03642552326762849,0.0
stieger,18,top1,0.5094492989229832,1.0,0.48374314163787846,0.44731761837024997,0.025706157285104725,0.062131680552733215
stieger,18,top3,0.47779922779922784,3.0,0.48374314163787846,0.44731761837024997,-0.005943913838650616,0.030481609428977874
stieger,19,all_sources,0.8216825848404795,7.0,0.8216825848404795,0.8383458646616541,0.0,-0.016663279821174548
stieger,19,mcs_stepdown,0.825187969924812,2.142857142857143,0.8216825848404795,0.8383458646616541,0.003505385084332513,-0.013157894736842035
stieger,19,pair_ref,0.8215809794757164,2.2857142857142856,0.8216825848404795,0.8383458646616541,-0.00010160536476311322,-0.01676488518593766
stieger,19,target_only,0.8383458646616541,0.0,0.8216825848404795,0.8383458646616541,0.016663279821174548,0.0
stieger,19,top1,0.8120300751879699,1.0,0.8216825848404795,0.8383458646616541,-0.009652509652509633,-0.02631578947368418
stieger,19,top3,0.8482523877260719,3.0,0.8216825848404795,0.8383458646616541,0.02656980288559241,0.00990652306441786
stieger,20,all_sources,0.827524893314367,5.0,0.827524893314367,0.7553342816500711,0.0,0.07219061166429586
stieger,20,mcs_stepdown,0.8488620199146516,1.3333333333333333,0.827524893314367,0.7553342816500711,0.02133712660028464,0.0935277382645805
stieger,20,pair_ref,0.8488620199146516,1.3333333333333333,0.827524893314367,0.7553342816500711,0.02133712660028464,0.0935277382645805
stieger,20,target_only,0.7553342816500711,0.0,0.827524893314367,0.7553342816500711,-0.07219061166429586,0.0
stieger,20,top1,0.8360597439544808,1.0,0.827524893314367,0.7553342816500711,0.008534850640113834,0.08072546230440969
stieger,20,top3,0.8180417259364628,3.0,0.827524893314367,0.7553342816500711,-0.009483167377904111,0.06270744428639174
stieger,21,all_sources,0.6605026078710289,5.0,0.6605026078710289,0.6258890469416785,0.0,0.03461356092935042
stieger,21,mcs_stepdown,0.5987434803224277,2.6666666666666665,0.6605026078710289,0.6258890469416785,-0.061759127548601134,-0.027145566619250716
stieger,21,pair_ref,0.6256519677572309,3.3333333333333335,0.6605026078710289,0.6258890469416785,-0.034850640113798015,-0.00023707918444759724
stieger,21,target_only,0.6258890469416785,0.0,0.6605026078710289,0.6258890469416785,-0.03461356092935042,0.0
stieger,21,top1,0.5480085348506402,1.0,0.6605026078710289,0.6258890469416785,-0.11249407302038872,-0.0778805120910383
stieger,21,top3,0.679706021811285,3.0,0.6605026078710289,0.6258890469416785,0.019203413940256153,0.05381697486960657
stieger,22,all_sources,0.604551920341394,5.0,0.604551920341394,0.5327169274537695,0.0,0.07183499288762452
stieger,22,mcs_stepdown,0.599810336652442,1.6666666666666667,0.604551920341394,0.5327169274537695,-0.004741583688952056,0.06709340919867246
stieger,22,pair_ref,0.5950687529634898,2.0,0.604551920341394,0.5327169274537695,-0.009483167377904222,0.06235182550972029
stieger,22,target_only,0.5327169274537695,0.0,0.604551920341394,0.5327169274537695,-0.07183499288762452,0.0
stieger,22,top1,0.6069227121858701,1.0,0.604551920341394,0.5327169274537695,0.0023707918444760834,0.0742057847321006
stieger,22,top3,0.5921052631578947,3.0,0.604551920341394,0.5327169274537695,-0.012446657183499354,0.05938833570412516
stieger,23,all_sources,0.6706970128022759,5.0,0.6706970128022759,0.7472735893788526,0.0,-0.07657657657657668
stieger,23,mcs_stepdown,0.7261735419630156,1.6666666666666667,0.6706970128022759,0.7472735893788526,0.05547652916073975,-0.02110004741583693
stieger,23,pair_ref,0.655642484589853,3.0,0.6706970128022759,0.7472735893788526,-0.015054528212422924,-0.0916311047889996
stieger,23,target_only,0.7472735893788526,0.0,0.6706970128022759,0.7472735893788526,0.07657657657657668,0.0
stieger,23,top1,0.730796586059744,1.0,0.6706970128022759,0.7472735893788526,0.060099573257468064,-0.01647700331910862
stieger,23,top3,0.6473447131341868,3.0,0.6706970128022759,0.7472735893788526,-0.02335229966808905,-0.09992887624466573
stieger,24,all_sources,0.6665311928469823,7.0,0.6665311928469823,0.6404186141028246,0.0,0.026112578744157622
stieger,24,mcs_stepdown,0.6126295468400731,2.4285714285714284,0.6665311928469823,0.6404186141028246,-0.053901646006909165,-0.027789067262751543
stieger,24,pair_ref,0.6079048973785817,3.0,0.6665311928469823,0.6404186141028246,-0.05862629546840059,-0.03251371672424297
stieger,24,target_only,0.6404186141028246,0.0,0.6665311928469823,0.6404186141028246,-0.026112578744157622,0.0
stieger,24,top1,0.5909876041454989,1.0,0.6665311928469823,0.6404186141028246,-0.07554358870148337,-0.049431009957325744
stieger,24,top3,0.6337634627108312,3.0,0.6665311928469823,0.6404186141028246,-0.032767730136151085,-0.0066551513919934635
stieger,25,all_sources,0.7081893923999187,7.0,0.7081893923999187,0.6479374110953059,0.0,0.060251981304612845
stieger,25,mcs_stepdown,0.6378276773013615,3.0,0.7081893923999187,0.6479374110953059,-0.07036171509855726,-0.01010973379394442
stieger,25,pair_ref,0.65367811420443,3.7142857142857144,0.7081893923999187,0.6479374110953059,-0.05451127819548873,0.005740703109124112
stieger,25,target_only,0.6479374110953059,0.0,0.7081893923999187,0.6479374110953059,-0.060251981304612845,0.0
stieger,25,top1,0.6301564722617353,1.0,0.7081893923999187,0.6479374110953059,-0.07803292013818341,-0.01778093883357057
stieger,25,top3,0.6570818939239993,3.0,0.7081893923999187,0.6479374110953059,-0.051107498475919444,0.009144482828693401
stieger,26,all_sources,0.7908453566348304,7.0,0.7908453566348304,0.8416480390164601,0.0,-0.05080268238162977
stieger,26,mcs_stepdown,0.810658402763666,3.0,0.7908453566348304,0.8416480390164601,0.01981304612883561,-0.03098963625279416
stieger,26,pair_ref,0.8332147937411095,3.857142857142857,0.7908453566348304,0.8416480390164601,0.04236943710627916,-0.00843324527535061
stieger,26,target_only,0.8416480390164601,0.0,0.7908453566348304,0.8416480390164601,0.05080268238162977,0.0
stieger,26,top1,0.816145092460882,1.0,0.7908453566348304,0.8416480390164601,0.025299735826051606,-0.025502946555578165
stieger,26,top3,0.7875939849624061,3.0,0.7908453566348304,0.8416480390164601,-0.003251371672424286,-0.05405405405405406
stieger,27,all_sources,0.5285511074984759,7.0,0.5285511074984759,0.5660942897785003,0.0,-0.0375431822800244
stieger,27,mcs_stepdown,0.5452143873196504,5.142857142857143,0.5285511074984759,0.5660942897785003,0.016663279821174548,-0.020879902458849853
stieger,27,pair_ref,0.5365271286323918,3.857142857142857,0.5285511074984759,0.5660942897785003,0.007976021133915934,-0.029567161146108467
stieger,27,target_only,0.5660942897785003,0.0,0.5285511074984759,0.5660942897785003,0.0375431822800244,0.0
stieger,27,top1,0.5355618776671408,1.0,0.5285511074984759,0.5660942897785003,0.007010770168664915,-0.030532412111359486
stieger,27,top3,0.546789270473481,3.0,0.5285511074984759,0.5660942897785003,0.018238162975005134,-0.019305019305019266
stieger,28,all_sources,0.6795366795366796,7.0,0.6795366795366796,0.6498171103434262,0.0,0.02971956919325347
stieger,28,mcs_stepdown,0.6626193863035967,2.0,0.6795366795366796,0.6498171103434262,-0.016917293233082886,0.012802275960170584
stieger,28,pair_ref,0.6780125990652307,3.142857142857143,0.6795366795366796,0.6498171103434262,-0.0015240804714489187,0.02819548872180455
stieger,28,target_only,0.6498171103434262,0.0,0.6795366795366796,0.6498171103434262,-0.02971956919325347,0.0
stieger,28,top1,0.6722210932737249,1.0,0.6795366795366796,0.6498171103434262,-0.007315586262954699,0.02240398293029877
stieger,28,top3,0.6633814265393213,3.0,0.6795366795366796,0.6498171103434262,-0.016155252997358316,0.013564316195895154
stieger,29,all_sources,0.7688477951635847,7.0,0.7688477951635847,0.8516561674456412,0.0,-0.08280837228205651
stieger,29,mcs_stepdown,0.8189392399918717,1.8571428571428572,0.7688477951635847,0.8516561674456412,0.05009144482828698,-0.03271692745376953
stieger,29,pair_ref,0.7721499695183905,2.857142857142857,0.7688477951635847,0.8516561674456412,0.0033021743548058424,-0.07950619792725067
stieger,29,target_only,0.8516561674456412,0.0,0.7688477951635847,0.8516561674456412,0.08280837228205651,0.0
stieger,29,top1,0.8031396057711848,1.0,0.7688477951635847,0.8516561674456412,0.034291810607600115,-0.04851656167445639
stieger,29,top3,0.729678927047348,3.0,0.7688477951635847,0.8516561674456412,-0.039168868116236655,-0.12197724039829316
stieger,30,all_sources,0.8166023166023166,7.0,0.8166023166023166,0.9161755740703109,0.0,-0.09957325746799428
stieger,30,mcs_stepdown,0.9045417598049177,2.2857142857142856,0.8166023166023166,0.9161755740703109,0.08793944320260105,-0.011633814265393227
stieger,30,pair_ref,0.8262548262548263,3.7142857142857144,0.8166023166023166,0.9161755740703109,0.009652509652509633,-0.08992074781548465
stieger,30,target_only,0.9161755740703109,0.0,0.8166023166023166,0.9161755740703109,0.09957325746799428,0.0
stieger,30,top1,0.9181060760008128,1.0,0.8166023166023166,0.9161755740703109,0.10150375939849621,0.0019305019305019266
stieger,30,top3,0.8665921560658403,3.0,0.8166023166023166,0.9161755740703109,0.049989839463523644,-0.049583418004470636
stieger,31,all_sources,0.5585754927860191,7.0,0.5585754927860191,0.5652306441780126,0.0,-0.0066551513919934635
stieger,31,mcs_stepdown,0.5625889046941678,3.4285714285714284,0.5585754927860191,0.5652306441780126,0.004013411908148634,-0.0026417394838448294
stieger,31,pair_ref,0.5768136557610243,4.714285714285714,0.5585754927860191,0.5652306441780126,0.018238162975005134,0.011583011583011671
stieger,31,target_only,0.5652306441780126,0.0,0.5585754927860191,0.5652306441780126,0.0066551513919934635,0.0
stieger,31,top1,0.5414549888234099,1.0,0.5585754927860191,0.5652306441780126,-0.017120503962609224,-0.023775655354602687
stieger,31,top3,0.5781853281853282,3.0,0.5585754927860191,0.5652306441780126,0.01960983539930905,0.012954684007315587
stieger,32,all_sources,0.7160638081690713,7.0,0.7160638081690713,0.6664295874822191,0.0,0.04963422068685219
stieger,32,mcs_stepdown,0.6857346067872384,2.2857142857142856,0.7160638081690713,0.6664295874822191,-0.030329201381832926,0.019305019305019266
stieger,32,pair_ref,0.6884779516358464,3.142857142857143,0.7160638081690713,0.6664295874822191,-0.027585856533224984,0.02204836415362721
stieger,32,target_only,0.6664295874822191,0.0,0.7160638081690713,0.6664295874822191,-0.04963422068685219,0.0
stieger,32,top1,0.6597236334078439,1.0,0.7160638081690713,0.6664295874822191,-0.056340174761227435,-0.006705954074375242
stieger,32,top3,0.7271895956106482,3.0,0.7160638081690713,0.6664295874822191,0.011125787441576884,0.06076000812842908
stieger,33,all_sources,0.6959459459459459,7.0,0.6959459459459459,0.6365576102418208,0.0,0.05938833570412516
stieger,33,mcs_stepdown,0.7035155456208088,3.4285714285714284,0.6959459459459459,0.6365576102418208,0.007569599674862815,0.06695793537898798
stieger,33,pair_ref,0.6920849420849421,4.285714285714286,0.6959459459459459,0.6365576102418208,-0.0038610038610038533,0.05552733184312131
stieger,33,target_only,0.6365576102418208,0.0,0.6959459459459459,0.6365576102418208,-0.05938833570412516,0.0
stieger,33,top1,0.6854805933753302,1.0,0.6959459459459459,0.6365576102418208,-0.01046535257061576,0.0489229831335094
stieger,33,top3,0.7070209307051413,3.0,0.6959459459459459,0.6365576102418208,0.011074984759195328,0.07046332046332049
stieger,34,all_sources,0.6918817313554155,7.0,0.6918817313554155,0.6431619589514327,0.0,0.04871977240398284
stieger,34,mcs_stepdown,0.6601808575492786,2.2857142857142856,0.6918817313554155,0.6431619589514327,-0.03170087380613695,0.01701889859784589
stieger,34,pair_ref,0.6618573460678724,3.142857142857143,0.6918817313554155,0.6431619589514327,-0.030024385287543143,0.0186953871164397
stieger,34,target_only,0.6431619589514327,0.0,0.6918817313554155,0.6431619589514327,-0.04871977240398284,0.0
stieger,34,top1,0.6058727900833164,1.0,0.6918817313554155,0.6431619589514327,-0.08600894127209913,-0.037289168868116285
stieger,34,top3,0.6585551717130664,3.0,0.6918817313554155,0.6431619589514327,-0.033326559642349096,0.015393212761633746
stieger,35,all_sources,0.7443609022556392,7.0,0.7443609022556392,0.7336923389554969,0.0,0.01066856330014232
stieger,35,mcs_stepdown,0.6813655761024181,2.2857142857142856,0.7443609022556392,0.7336923389554969,-0.06299532615322112,-0.0523267628530788
stieger,35,pair_ref,0.7155049786628734,3.4285714285714284,0.7443609022556392,0.7336923389554969,-0.028855923592765786,-0.018187360292623467
stieger,35,target_only,0.7336923389554969,0.0,0.7443609022556392,0.7336923389554969,-0.01066856330014232,0.0
stieger,35,top1,0.6749136354399512,1.0,0.7443609022556392,0.7336923389554969,-0.06944726681568802,-0.058778703515545705
stieger,35,top3,0.6976224344645398,3.0,0.7443609022556392,0.7336923389554969,-0.04673846779109947,-0.03606990449095715
stieger,36,all_sources,0.666836008941272,7.0,0.666836008941272,0.6572343019711441,0.0,0.009601706970127966
stieger,36,mcs_stepdown,0.6372688477951636,1.7142857142857142,0.666836008941272,0.6572343019711441,-0.029567161146108467,-0.0199654541759805
stieger,36,pair_ref,0.6471245681771997,1.8571428571428572,0.666836008941272,0.6572343019711441,-0.019711440764072385,-0.01010973379394442
stieger,36,target_only,0.6572343019711441,0.0,0.666836008941272,0.6572343019711441,-0.009601706970127966,0.0
stieger,36,top1,0.6044503149766307,1.0,0.666836008941272,0.6572343019711441,-0.06238569396464133,-0.052783986994513366
stieger,36,top3,0.6704429993903679,3.0,0.666836008941272,0.6572343019711441,0.003606990449095848,0.013208697419223814
stieger,37,all_sources,0.792674253200569,5.0,0.792674253200569,0.8711474632527264,0.0,-0.07847321005215746
stieger,37,mcs_stepdown,0.8303698435277383,2.0,0.792674253200569,0.8711474632527264,0.037695590327169404,-0.04077761972498806
stieger,37,pair_ref,0.8546704599336179,2.6666666666666665,0.792674253200569,0.8711474632527264,0.06199620673304895,-0.016477003319108507
stieger,37,target_only,0.8711474632527264,0.0,0.792674253200569,0.8711474632527264,0.07847321005215746,0.0
stieger,37,top1,0.8397344713134186,1.0,0.792674253200569,0.8711474632527264,0.04706021811284966,-0.0314129919393078
stieger,37,top3,0.8140113798008536,3.0,0.792674253200569,0.8711474632527264,0.02133712660028464,-0.05713608345187282
stieger,38,all_sources,0.8414956309693152,7.0,0.8414956309693152,0.8381934566145093,0.0,0.0033021743548059534
stieger,38,mcs_stepdown,0.8068482015850437,1.2857142857142858,0.8414956309693152,0.8381934566145093,-0.034647429384271566,-0.03134525502946561
stieger,38,pair_ref,0.7803800040642146,3.0,0.8414956309693152,0.8381934566145093,-0.06111562690510064,-0.057813452550294686
stieger,38,target_only,0.8381934566145093,0.0,0.8414956309693152,0.8381934566145093,-0.0033021743548059534,0.0
stieger,38,top1,0.7829201381832961,1.0,0.8414956309693152,0.8381934566145093,-0.058575492786019145,-0.05527331843121319
stieger,38,top3,0.7966368624263361,3.0,0.8414956309693152,0.8381934566145093,-0.0448587685429791,-0.041556594188173146
stieger,39,all_sources,0.69950213371266,5.0,0.69950213371266,0.8123518255097203,0.0,-0.11284969179706028
stieger,39,mcs_stepdown,0.6373873873873874,2.0,0.69950213371266,0.8123518255097203,-0.062114746325272585,-0.17496443812233287
stieger,39,pair_ref,0.6693930772878142,2.3333333333333335,0.69950213371266,0.8123518255097203,-0.030109056424845848,-0.14295874822190613
stieger,39,target_only,0.8123518255097203,0.0,0.69950213371266,0.8123518255097203,0.11284969179706028,0.0
stieger,39,top1,0.6967757230915126,1.0,0.69950213371266,0.8123518255097203,-0.0027264106211474237,-0.1155761024182077
stieger,39,top3,0.6909672830725463,3.0,0.69950213371266,0.8123518255097203,-0.008534850640113723,-0.121384542437174
stieger,40,all_sources,0.7192982456140351,5.0,0.7192982456140351,0.7509483167377904,0.0,-0.031650071123755286
stieger,40,mcs_stepdown,0.7095779990516832,2.6666666666666665,0.7192982456140351,0.7509483167377904,-0.00972024656235193,-0.041370317686107216
stieger,40,pair_ref,0.7095779990516832,2.6666666666666665,0.7192982456140351,0.7509483167377904,-0.00972024656235193,-0.041370317686107216
stieger,40,target_only,0.7509483167377904,0.0,0.7192982456140351,0.7509483167377904,0.031650071123755286,0.0
stieger,40,top1,0.6373873873873874,1.0,0.7192982456140351,0.7509483167377904,-0.08191085822664768,-0.11356092935040296
stieger,40,top3,0.732574679943101,3.0,0.7192982456140351,0.7509483167377904,0.01327643432906589,-0.018373636794689396
stieger,41,all_sources,0.6488010566957936,7.0,0.6488010566957936,0.6707986181670392,0.0,-0.021997561471245652
stieger,41,mcs_stepdown,0.643111156269051,2.0,0.6488010566957936,0.6707986181670392,-0.005689900426742556,-0.027687461897988208
stieger,41,pair_ref,0.6627209916683601,3.4285714285714284,0.6488010566957936,0.6707986181670392,0.013919934972566494,-0.008077626498679158
stieger,41,target_only,0.6707986181670392,0.0,0.6488010566957936,0.6707986181670392,0.021997561471245652,0.0
stieger,41,top1,0.6332554358870148,1.0,0.6488010566957936,0.6707986181670392,-0.015545620808778748,-0.0375431822800244
stieger,41,top3,0.6501727291200975,3.0,0.6488010566957936,0.6707986181670392,0.0013716724243039158,-0.020625889046941737
stieger,42,all_sources,0.6843290659080132,5.0,0.6843290659080132,0.5768136557610242,0.0,0.10751541014698907
stieger,42,mcs_stepdown,0.6621621621621622,1.3333333333333333,0.6843290659080132,0.5768136557610242,-0.022166903745851063,0.085348506401138
stieger,42,pair_ref,0.6261261261261262,2.3333333333333335,0.6843290659080132,0.5768136557610242,-0.058202939781887064,0.049312470365102
stieger,42,target_only,0.5768136557610242,0.0,0.6843290659080132,0.5768136557610242,-0.10751541014698907,0.0
stieger,42,top1,0.6487671882408724,1.0,0.6843290659080132,0.5768136557610242,-0.03556187766714081,0.07195353247984826
stieger,42,top3,0.6621621621621622,3.0,0.6843290659080132,0.5768136557610242,-0.022166903745851063,0.085348506401138
stieger,43,all_sources,0.5974395448079659,5.0,0.5974395448079659,0.706140350877193,0.0,-0.10870080606922705
stieger,43,mcs_stepdown,0.5855855855855855,1.3333333333333333,0.5974395448079659,0.706140350877193,-0.011853959222380417,-0.12055476529160747
stieger,43,pair_ref,0.5855855855855855,1.3333333333333333,0.5974395448079659,0.706140350877193,-0.011853959222380417,-0.12055476529160747
stieger,43,target_only,0.706140350877193,0.0,0.5974395448079659,0.706140350877193,0.10870080606922705,0.0
stieger,43,top1,0.5721906116642959,1.0,0.5974395448079659,0.706140350877193,-0.02524893314367005,-0.1339497392128971
stieger,43,top3,0.6156946420104314,3.0,0.5974395448079659,0.706140350877193,0.018255097202465542,-0.09044570886676151
stieger,44,all_sources,0.6733387522861207,7.0,0.6733387522861207,0.689494005283479,0.0,-0.016155252997358316
stieger,44,mcs_stepdown,0.6423999187157082,2.857142857142857,0.6733387522861207,0.689494005283479,-0.030938833570412494,-0.04709408656777081
stieger,44,pair_ref,0.6419934972566551,4.142857142857143,0.6733387522861207,0.689494005283479,-0.03134525502946561,-0.04750050802682393
stieger,44,target_only,0.689494005283479,0.0,0.6733387522861207,0.689494005283479,0.016155252997358316,0.0
stieger,44,top1,0.6701381832960781,1.0,0.6733387522861207,0.689494005283479,-0.003200568990042618,-0.019355821987400934
stieger,44,top3,0.6279211542369437,3.0,0.6733387522861207,0.689494005283479,-0.045417598049177,-0.061572851046535315
stieger,45,all_sources,0.5617591275486012,5.0,0.5617591275486012,0.41773352299668093,0.0,0.14402560455192032
stieger,45,mcs_stepdown,0.5196775723091512,1.0,0.5617591275486012,0.41773352299668093,-0.04208155523945001,0.10194404931247031
stieger,45,pair_ref,0.5196775723091512,1.0,0.5617591275486012,0.41773352299668093,-0.04208155523945001,0.10194404931247031
stieger,45,target_only,0.41773352299668093,0.0,0.5617591275486012,0.41773352299668093,-0.14402560455192032,0.0
stieger,45,top1,0.5196775723091512,1.0,0.5617591275486012,0.41773352299668093,-0.04208155523945001,0.10194404931247031
stieger,45,top3,0.5187292555713608,3.0,0.5617591275486012,0.41773352299668093,-0.0430298719772404,0.10099573257467992
stieger,46,all_sources,0.737654948181264,7.0,0.737654948181264,0.6979780532412112,0.0,0.039676894940052776
stieger,46,mcs_stepdown,0.7351656167445642,1.7142857142857142,0.737654948181264,0.6979780532412112,-0.0024893314366998265,0.03718756350335295
stieger,46,pair_ref,0.7682381629750051,2.0,0.737654948181264,0.6979780532412112,0.030583214793741154,0.07026010973379393
stieger,46,target_only,0.6979780532412112,0.0,0.737654948181264,0.6979780532412112,-0.039676894940052776,0.0
stieger,46,top1,0.6968095915464337,1.0,0.737654948181264,0.6979780532412112,-0.04084535663483024,-0.0011684616947774673
stieger,46,top3,0.7756045519203413,3.0,0.737654948181264,0.6979780532412112,0.0379496037390773,0.07762649867913007
stieger,47,all_sources,0.6121723226986385,7.0,0.6121723226986385,0.5649766307661045,0.0,0.047195691932534034
stieger,47,mcs_stepdown,0.6022657996342206,3.0,0.6121723226986385,0.5649766307661045,-0.009906523064417971,0.03728916886811606
stieger,47,pair_ref,0.6022657996342208,3.857142857142857,0.6121723226986385,0.5649766307661045,-0.00990652306441775,0.037289168868116285
stieger,47,target_only,0.5649766307661045,0.0,0.6121723226986385,0.5649766307661045,-0.047195691932534034,0.0
stieger,47,top1,0.5703109124161756,1.0,0.6121723226986385,0.5649766307661045,-0.04186141028246293,0.005334281650071104
stieger,47,top3,0.6262446657183499,3.0,0.6121723226986385,0.5649766307661045,0.014072343019711386,0.06126803495224542
stieger,48,all_sources,0.5695827406353723,5.0,0.5695827406353723,0.5471787577050735,0.0,0.02240398293029877
stieger,48,mcs_stepdown,0.5333096254148886,2.3333333333333335,0.5695827406353723,0.5471787577050735,-0.03627311522048371,-0.013869132290184938
stieger,48,pair_ref,0.5621147463252726,2.6666666666666665,0.5695827406353723,0.5471787577050735,-0.0074679943100997015,0.01493598862019907
stieger,48,target_only,0.5471787577050735,0.0,0.5695827406353723,0.5471787577050735,-0.02240398293029877,0.0
stieger,48,top1,0.5361545756282599,1.0,0.5695827406353723,0.5471787577050735,-0.03342816500711243,-0.01102418207681366
stieger,48,top3,0.553461356092935,3.0,0.5695827406353723,0.5471787577050735,-0.016121384542437278,0.006282598387861493
stieger,49,all_sources,0.7383831199620673,5.0,0.7383831199620673,0.6942863916548127,0.0,0.04409672830725464
stieger,49,mcs_stepdown,0.7638691322901848,2.0,0.7383831199620673,0.6942863916548127,0.025486012328117535,0.06958274063537218
stieger,49,pair_ref,0.7809388335704125,2.6666666666666665,0.7383831199620673,0.6942863916548127,0.0425557136083452,0.08665244191559984
stieger,49,target_only,0.6942863916548127,0.0,0.7383831199620673,0.6942863916548127,-0.04409672830725464,0.0
stieger,49,top1,0.7255808440018967,1.0,0.7383831199620673,0.6942863916548127,-0.012802275960170584,0.031294452347084056
stieger,49,top3,0.7376718824087245,3.0,0.7383831199620673,0.6942863916548127,-0.0007112375533427917,0.04338549075391185
stieger,50,all_sources,0.7700162568583622,7.0,0.7700162568583622,0.8341292420239789,0.0,-0.0641129851656167
stieger,50,mcs_stepdown,0.8139097744360902,3.5714285714285716,0.7700162568583622,0.8341292420239789,0.04389351757772808,-0.020219467587888618
stieger,50,pair_ref,0.8232574679943101,3.5714285714285716,0.7700162568583622,0.8341292420239789,0.05324121113594793,-0.010871774029668768
stieger,50,target_only,0.8341292420239789,0.0,0.7700162568583622,0.8341292420239789,0.0641129851656167,0.0
stieger,50,top1,0.7864763259500102,1.0,0.7700162568583622,0.8341292420239789,0.01646006909164799,-0.04765291607396871
stieger,50,top3,0.8194472668156879,3.0,0.7700162568583622,0.8341292420239789,0.049431009957325744,-0.014681975208290954
stieger,51,all_sources,0.6128835602519814,7.0,0.6128835602519814,0.6086161349319245,0.0,0.004267425320056972
stieger,51,mcs_stepdown,0.6208595813858971,3.142857142857143,0.6128835602519814,0.6086161349319245,0.007976021133915712,0.012243446453972684
stieger,51,pair_ref,0.6279211542369437,4.571428571428571,0.6128835602519814,0.6086161349319245,0.015037593984962294,0.019305019305019266
stieger,51,target_only,0.6086161349319245,0.0,0.6128835602519814,0.6086161349319245,-0.004267425320056972,0.0
stieger,51,top1,0.5884474700264174,1.0,0.6128835602519814,0.6086161349319245,-0.024436090225564033,-0.02016866490550706
stieger,51,top3,0.6127311522048364,3.0,0.6128835602519814,0.6086161349319245,-0.0001524080471450029,0.004115017272911969
stieger,52,all_sources,0.6811284969179706,5.0,0.6811284969179706,0.6747273589378852,0.0,0.006401137980085458
stieger,52,mcs_stepdown,0.6890706495969653,3.6666666666666665,0.6811284969179706,0.6747273589378852,0.007942152678994674,0.014343290659080132
stieger,52,pair_ref,0.6890706495969653,3.6666666666666665,0.6811284969179706,0.6747273589378852,0.007942152678994674,0.014343290659080132
stieger,52,target_only,0.6747273589378852,0.0,0.6811284969179706,0.6747273589378852,-0.006401137980085458,0.0
stieger,52,top1,0.6680891417733523,1.0,0.6811284969179706,0.6747273589378852,-0.013039355144618292,-0.006638217164532834
stieger,52,top3,0.6717638691322901,3.0,0.6811284969179706,0.6747273589378852,-0.00936462778568048,-0.002963489805595021
stieger,53,all_sources,0.6869538711643975,7.0,0.6869538711643975,0.6764885185937818,0.0,0.01046535257061576
stieger,53,mcs_stepdown,0.7018898597845966,3.2857142857142856,0.6869538711643975,0.6764885185937818,0.01493598862019907,0.02540134119081483
stieger,53,pair_ref,0.7192135744767324,3.4285714285714284,0.6869538711643975,0.6764885185937818,0.03225970331233485,0.04272505588295061
stieger,53,target_only,0.6764885185937818,0.0,0.6869538711643975,0.6764885185937818,-0.01046535257061576,0.0
stieger,53,top1,0.7173846779109938,1.0,0.6869538711643975,0.6764885185937818,0.03043080674659626,0.04089615931721202
stieger,53,top3,0.7294249136354399,3.0,0.6869538711643975,0.6764885185937818,0.042471042471042386,0.052936395041658146
stieger,54,all_sources,0.5858565332249543,7.0,0.5858565332249543,0.5518187360292623,0.0,0.034037797195692
stieger,54,mcs_stepdown,0.6023166023166022,3.142857142857143,0.5858565332249543,0.5518187360292623,0.016460069091647878,0.050497866287339876
stieger,54,pair_ref,0.6054155659418817,4.142857142857143,0.5858565332249543,0.5518187360292623,0.019559032716927383,0.05359682991261938
stieger,54,target_only,0.5518187360292623,0.0,0.5858565332249543,0.5518187360292623,-0.034037797195692,0.0
stieger,54,top1,0.5798110140215404,1.0,0.5858565332249543,0.5518187360292623,-0.006045519203413896,0.027992277992278103
stieger,54,top3,0.6087177402966877,3.0,0.5858565332249543,0.5518187360292623,0.022861207071733336,0.056899004267425335
stieger,55,all_sources,0.6720686852265799,7.0,0.6720686852265799,0.6343222922170291,0.0,0.03774639300955085
stieger,55,mcs_stepdown,0.6832960780329201,2.857142857142857,0.6720686852265799,0.6343222922170291,0.01122739280634022,0.04897378581589107
stieger,55,pair_ref,0.715962202804308,4.285714285714286,0.6720686852265799,0.6343222922170291,0.04389351757772808,0.08163991058727893
stieger,55,target_only,0.6343222922170291,0.0,0.6720686852265799,0.6343222922170291,-0.03774639300955085,0.0
stieger,55,top1,0.705141231457021,1.0,0.6720686852265799,0.6343222922170291,0.03307254623044109,0.07081893923999194
stieger,55,top3,0.7271895956106482,3.0,0.6720686852265799,0.6343222922170291,0.0551209103840683,0.09286730339361915
stieger,56,all_sources,0.6282598387861545,5.0,0.6282598387861545,0.599810336652442,0.0,0.028449502133712556
stieger,56,mcs_stepdown,0.6507823613086771,3.0,0.6282598387861545,0.599810336652442,0.022522522522522515,0.05097202465623507
stieger,56,pair_ref,0.6507823613086771,3.0,0.6282598387861545,0.599810336652442,0.022522522522522515,0.05097202465623507
stieger,56,target_only,0.599810336652442,0.0,0.6282598387861545,0.599810336652442,-0.028449502133712556,0.0
stieger,56,top1,0.569701280227596,1.0,0.6282598387861545,0.599810336652442,-0.058558558558558516,-0.03010905642484596
stieger,56,top3,0.6507823613086771,3.0,0.6282598387861545,0.599810336652442,0.022522522522522515,0.05097202465623507
stieger,57,all_sources,0.8041725936462779,5.0,0.8041725936462779,0.666548127074443,0.0,0.1376244665718349
stieger,57,mcs_stepdown,0.7347083926031295,2.0,0.8041725936462779,0.666548127074443,-0.06946420104314843,0.06816026552868648
stieger,57,pair_ref,0.8009720246562352,3.0,0.8041725936462779,0.666548127074443,-0.003200568990042729,0.13442389758179218
stieger,57,target_only,0.666548127074443,0.0,0.8041725936462779,0.666548127074443,-0.1376244665718349,0.0
stieger,57,top1,0.6698672356567094,1.0,0.8041725936462779,0.666548127074443,-0.13430535798956855,0.0033191085822663613
stieger,57,top3,0.7663584637268848,3.0,0.8041725936462779,0.666548127074443,-0.03781412991939315,0.09981033665244177
stieger,58,all_sources,0.6356431619589513,7.0,0.6356431619589513,0.5734606787238367,0.0,0.06218248323511466
stieger,58,mcs_stepdown,0.6046027230237756,2.857142857142857,0.6356431619589513,0.5734606787238367,-0.031040438935175718,0.031142044299938942
stieger,58,pair_ref,0.6451432635643162,5.142857142857143,0.6356431619589513,0.5734606787238367,0.009500101605364852,0.07168258484047951
stieger,58,target_only,0.5734606787238367,0.0,0.6356431619589513,0.5734606787238367,-0.06218248323511466,0.0
stieger,58,top1,0.5663991058727901,1.0,0.6356431619589513,0.5734606787238367,-0.06924405608616124,-0.0070615728510465825
stieger,58,top3,0.6118675066043487,3.0,0.6356431619589513,0.5734606787238367,-0.023775655354602576,0.038406827880512084
stieger,59,all_sources,0.7393314366998577,7.0,0.7393314366998577,0.8418004470636049,0.0,-0.10246901036374723
stieger,59,mcs_stepdown,0.7157589920747816,2.7142857142857144,0.7393314366998577,0.8418004470636049,-0.023572444625076128,-0.12604145498882335
stieger,59,pair_ref,0.7325746799431011,4.428571428571429,0.7393314366998577,0.8418004470636049,-0.006756756756756577,-0.1092257671205038
stieger,59,target_only,0.8418004470636049,0.0,0.7393314366998577,0.8418004470636049,0.10246901036374723,0.0
stieger,59,top1,0.6942694574273521,1.0,0.7393314366998577,0.8418004470636049,-0.04506197927250555,-0.14753098963625277
stieger,59,top3,0.7899817110343426,3.0,0.7393314366998577,0.8418004470636049,0.05065027433448488,-0.05181873602926235
stieger,60,all_sources,0.7904220009483168,5.0,0.7904220009483168,0.8624940730203887,0.0,-0.07207207207207189
stieger,60,mcs_stepdown,0.7261735419630156,1.0,0.7904220009483168,0.8624940730203887,-0.06424845898530118,-0.13632053105737307
stieger,60,pair_ref,0.7261735419630156,1.0,0.7904220009483168,0.8624940730203887,-0.06424845898530118,-0.13632053105737307
stieger,60,target_only,0.8624940730203887,0.0,0.7904220009483168,0.8624940730203887,0.07207207207207189,0.0
stieger,60,top1,0.7261735419630156,1.0,0.7904220009483168,0.8624940730203887,-0.06424845898530118,-0.13632053105737307
stieger,60,top3,0.7120673304883831,3.0,0.7904220009483168,0.8624940730203887,-0.07835467045993372,-0.1504267425320056
stieger,61,all_sources,0.6888335704125178,5.0,0.6888335704125178,0.6939307728781413,0.0,-0.005097202465623507
stieger,61,mcs_stepdown,0.7451398767188241,2.0,0.6888335704125178,0.6939307728781413,0.056306306306306286,0.05120910384068278
stieger,61,pair_ref,0.731981981981982,2.3333333333333335,0.6888335704125178,0.6939307728781413,0.04314841156946425,0.038051209103840744
stieger,61,target_only,0.6939307728781413,0.0,0.6888335704125178,0.6939307728781413,0.005097202465623507,0.0
stieger,61,top1,0.656235182550972,1.0,0.6888335704125178,0.6939307728781413,-0.032598387861545786,-0.03769559032716929
stieger,61,top3,0.7277145566619252,3.0,0.6888335704125178,0.6939307728781413,0.03888098624940739,0.03378378378378388
stieger,62,all_sources,0.683262209577999,5.0,0.683262209577999,0.6367946894262684,0.0,0.04646752015173061
stieger,62,mcs_stepdown,0.6736605026078711,1.3333333333333333,0.683262209577999,0.6367946894262684,-0.009601706970127855,0.03686581318160276
stieger,62,pair_ref,0.6814841156946421,1.6666666666666667,0.683262209577999,0.6367946894262684,-0.0017780938833569238,0.04468942626837369
stieger,62,target_only,0.6367946894262684,0.0,0.683262209577999,0.6367946894262684,-0.04646752015173061,0.0
stieger,62,top1,0.6782835467045993,1.0,0.683262209577999,0.6367946894262684,-0.004978662873399653,0.04148885727833096
stieger,62,top3,0.653271692745377,3.0,0.683262209577999,0.6367946894262684,-0.029990516832621994,0.01647700331910862
