dataset,subject,method,mean_set_size,mean_retained_fraction
ma2020,1,mcs_stepdown,2.6363636363636362,0.3547901593356139
ma2020,1,pair_ref,2.909090909090909,0.3726722772177318
ma2020,1,rect,4.636363636363637,0.59775098638735
ma2020,1,top1,1.0,0.12892990847536304
ma2020,1,top3,3.0,0.3867897254260891
ma2020,2,mcs_stepdown,3.727272727272727,0.4007300780028053
ma2020,2,pair_ref,4.909090909090909,0.5327568895750714
ma2020,2,rect,6.909090909090909,0.7665468370013824
ma2020,2,top1,1.0,0.12892990847536304
ma2020,2,top3,3.0,0.3867897254260891
ma2020,3,mcs_stepdown,6.909090909090909,0.830533103260376
ma2020,3,pair_ref,8.727272727272727,0.9789377289377289
ma2020,3,rect,9.0,1.0
ma2020,3,top1,1.0,0.12892990847536304
ma2020,3,top3,3.0,0.3867897254260891
ma2020,4,mcs_stepdown,2.272727272727273,0.25827934691571053
ma2020,4,pair_ref,3.3636363636363638,0.39107483425665246
ma2020,4,rect,5.2727272727272725,0.5758388076569895
ma2020,4,top1,1.0,0.12892990847536304
ma2020,4,top3,3.0,0.3867897254260891
ma2020,5,mcs_stepdown,8.636363636363637,0.9301948051948052
ma2020,5,pair_ref,8.818181818181818,0.9642857142857143
ma2020,5,rect,9.0,1.0
ma2020,5,top1,1.0,0.12892990847536304
ma2020,5,top3,3.0,0.3867897254260891
ma2020,6,mcs_stepdown,2.090909090909091,0.27536175945266855
ma2020,6,pair_ref,2.5454545454545454,0.3185019525928617
ma2020,6,rect,3.909090909090909,0.4455842137660319
ma2020,6,top1,1.0,0.12892990847536304
ma2020,6,top3,3.0,0.3867897254260891
ma2020,7,mcs_stepdown,2.3636363636363638,0.2873396805214987
ma2020,7,pair_ref,3.3636363636363638,0.38892799120071847
ma2020,7,rect,5.181818181818182,0.5999318862955226
ma2020,7,top1,1.0,0.12892990847536304
ma2020,7,top3,3.0,0.3867897254260891
ma2020,8,mcs_stepdown,4.0,0.4329140556413284
ma2020,8,pair_ref,4.909090909090909,0.5196810764992583
ma2020,8,rect,7.0,0.7804180667817032
ma2020,8,top1,1.0,0.12892990847536304
ma2020,8,top3,3.0,0.3867897254260891
ma2020,9,mcs_stepdown,7.0,0.8355533355533354
ma2020,9,pair_ref,8.545454545454545,0.9629259629259629
ma2020,9,rect,9.0,1.0
ma2020,9,top1,1.0,0.12892990847536304
ma2020,9,top3,3.0,0.3867897254260891
ma2020,10,mcs_stepdown,7.181818181818182,0.811072261072261
ma2020,10,pair_ref,8.0,0.8963369963369964
ma2020,10,rect,9.0,1.0
ma2020,10,top1,1.0,0.12892990847536304
ma2020,10,top3,3.0,0.3867897254260891
ma2020,11,mcs_stepdown,2.5454545454545454,0.3430635021544112
ma2020,11,pair_ref,2.909090909090909,0.36366108638835914
ma2020,11,rect,4.7272727272727275,0.5773090545817818
ma2020,11,top1,1.0,0.12892990847536304
ma2020,11,top3,3.0,0.3867897254260891
ma2020,12,mcs_stepdown,6.090909090909091,0.6557604012149466
ma2020,12,pair_ref,6.7272727272727275,0.7284515989061443
ma2020,12,rect,7.909090909090909,0.859165329619875
ma2020,12,top1,1.0,0.12892990847536304
ma2020,12,top3,3.0,0.3867897254260891
ma2020,13,mcs_stepdown,5.090909090909091,0.6103772490136127
ma2020,13,pair_ref,5.818181818181818,0.6831786899968718
ma2020,13,rect,8.454545454545455,0.9416416916416916
ma2020,13,top1,1.0,0.12892990847536304
ma2020,13,top3,3.0,0.3867897254260891
ma2020,14,mcs_stepdown,4.0,0.5167373031009395
ma2020,14,pair_ref,5.636363636363637,0.6546027205118115
ma2020,14,rect,8.727272727272727,0.9800199800199801
ma2020,14,top1,1.0,0.12892990847536304
ma2020,14,top3,3.0,0.3867897254260891
ma2020,15,mcs_stepdown,7.363636363636363,0.7987058396149305
ma2020,15,pair_ref,7.545454545454546,0.8252209911300821
ma2020,15,rect,8.818181818181818,0.986013986013986
ma2020,15,top1,1.0,0.12892990847536304
ma2020,15,top3,3.0,0.3867897254260891
ma2020,16,mcs_stepdown,3.727272727272727,0.3800257822985096
ma2020,16,pair_ref,4.2727272727272725,0.43522058749331477
ma2020,16,rect,5.0,0.5457938526120345
ma2020,16,top1,1.0,0.12892990847536304
ma2020,16,top3,3.0,0.3867897254260891
ma2020,17,mcs_stepdown,8.818181818181818,0.9834710743801653
ma2020,17,pair_ref,8.727272727272727,0.9769775678866588
ma2020,17,rect,9.0,1.0
ma2020,17,top1,1.0,0.12892990847536304
ma2020,17,top3,3.0,0.3867897254260891
ma2020,18,mcs_stepdown,1.9090909090909092,0.27002593366229727
ma2020,18,pair_ref,2.8181818181818183,0.3588010474374111
ma2020,18,rect,4.545454545454546,0.579774518410882
ma2020,18,top1,1.0,0.12892990847536304
ma2020,18,top3,3.0,0.3867897254260891
ma2020,19,mcs_stepdown,3.727272727272727,0.47651716969898783
ma2020,19,pair_ref,4.909090909090909,0.5884839907567181
ma2020,19,rect,6.181818181818182,0.7429212201939475
ma2020,19,top1,1.0,0.12892990847536304
ma2020,19,top3,3.0,0.3867897254260891
ma2020,20,mcs_stepdown,6.636363636363637,0.6927118336209245
ma2020,20,pair_ref,7.090909090909091,0.7572533527078982
ma2020,20,rect,8.181818181818182,0.9038600288600289
ma2020,20,top1,1.0,0.12892990847536304
ma2020,20,top3,3.0,0.3867897254260891
ma2020,21,mcs_stepdown,5.0,0.5435887344978254
ma2020,21,pair_ref,6.090909090909091,0.6619148528239438
ma2020,21,rect,7.090909090909091,0.7805722055722056
ma2020,21,top1,1.0,0.12892990847536304
ma2020,21,top3,3.0,0.3867897254260891
ma2020,22,mcs_stepdown,6.818181818181818,0.7612720612720613
ma2020,22,pair_ref,7.181818181818182,0.7939504939504939
ma2020,22,rect,8.545454545454545,0.9502525252525252
ma2020,22,top1,1.0,0.12892990847536304
ma2020,22,top3,3.0,0.3867897254260891
ma2020,23,mcs_stepdown,2.3636363636363638,0.26208160526342344
ma2020,23,pair_ref,3.090909090909091,0.3407196339014521
ma2020,23,rect,5.2727272727272725,0.6049296662933027
ma2020,23,top1,1.0,0.12892990847536304
ma2020,23,top3,3.0,0.3867897254260891
ma2020,24,mcs_stepdown,2.0,0.23218322081958445
ma2020,24,pair_ref,2.5454545454545454,0.29314776132957954
ma2020,24,rect,4.7272727272727275,0.5345899050444505
ma2020,24,top1,1.0,0.12892990847536304
ma2020,24,top3,3.0,0.3867897254260891
ma2020,25,mcs_stepdown,2.272727272727273,0.28646177055267963
ma2020,25,pair_ref,2.6363636363636362,0.31687075550711913
ma2020,25,rect,4.818181818181818,0.5488491306673124
ma2020,25,top1,1.0,0.12892990847536304
ma2020,25,top3,3.0,0.3867897254260891
stieger,1,mcs_stepdown,4.142857142857143,0.5429705215419501
stieger,1,pair_ref,4.428571428571429,0.5905895691609978
stieger,1,rect,4.857142857142857,0.6554421768707482
stieger,1,top1,1.0,0.15651927437641724
stieger,1,top3,3.0,0.4695578231292517
stieger,2,mcs_stepdown,2.7142857142857144,0.37074829931972786
stieger,2,pair_ref,3.0,0.400907029478458
stieger,2,rect,4.142857142857143,0.5705215419501134
stieger,2,top1,1.0,0.15651927437641724
stieger,2,top3,3.0,0.4695578231292517
stieger,3,mcs_stepdown,4.0,0.7944444444444444
stieger,3,pair_ref,4.0,0.7944444444444444
stieger,3,rect,4.0,0.7944444444444444
stieger,3,top1,1.0,0.20555555555555557
stieger,3,top3,3.0,0.6166666666666667
stieger,4,mcs_stepdown,1.8571428571428572,0.30493197278911566
stieger,4,pair_ref,2.7142857142857144,0.41502267573696144
stieger,4,rect,3.5714285714285716,0.5302154195011338
stieger,4,top1,1.0,0.15651927437641724
stieger,4,top3,3.0,0.4695578231292517
stieger,5,mcs_stepdown,1.3333333333333333,0.2888888888888889
stieger,5,pair_ref,2.0,0.4222222222222222
stieger,5,rect,2.3333333333333335,0.5055555555555555
stieger,5,top1,1.0,0.20555555555555557
stieger,5,top3,3.0,0.6166666666666667
stieger,6,mcs_stepdown,4.666666666666667,0.9166666666666666
stieger,6,pair_ref,4.666666666666667,0.9166666666666666
stieger,6,rect,5.0,1.0
stieger,6,top1,1.0,0.20555555555555557
stieger,6,top3,3.0,0.6166666666666667
stieger,7,mcs_stepdown,1.4285714285714286,0.23270975056689341
stieger,7,pair_ref,1.8571428571428572,0.30470521541950113
stieger,7,rect,3.0,0.4899092970521542
stieger,7,top1,1.0,0.15651927437641724
stieger,7,top3,3.0,0.4695578231292517
stieger,8,mcs_stepdown,1.1428571428571428,0.19223356009070297
stieger,8,pair_ref,1.4285714285714286,0.2446145124716553
stieger,8,rect,4.0,0.5634353741496598
stieger,8,top1,1.0,0.15651927437641724
stieger,8,top3,3.0,0.4695578231292517
stieger,9,mcs_stepdown,1.8571428571428572,0.2747732426303855
stieger,9,pair_ref,3.5714285714285716,0.5424036281179138
stieger,9,rect,5.0,0.7441609977324263
stieger,9,top1,1.0,0.15651927437641724
stieger,9,top3,3.0,0.4695578231292517
stieger,10,mcs_stepdown,1.7142857142857142,0.25096371882086166
stieger,10,pair_ref,2.0,0.2866780045351474
stieger,10,rect,3.4285714285714284,0.48866213151927435
stieger,10,top1,1.0,0.15651927437641724
stieger,10,top3,3.0,0.4695578231292517
stieger,11,mcs_stepdown,2.7142857142857144,0.3870181405895692
stieger,11,pair_ref,2.857142857142857,0.4013038548752834
stieger,11,rect,4.285714285714286,0.5895691609977324
stieger,11,top1,1.0,0.15651927437641724
stieger,11,top3,3.0,0.4695578231292517
stieger,12,mcs_stepdown,2.7142857142857144,0.39126984126984127
stieger,12,pair_ref,4.428571428571429,0.6170634920634921
stieger,12,rect,4.857142857142857,0.6865079365079365
stieger,12,top1,1.0,0.15651927437641724
stieger,12,top3,3.0,0.4695578231292517
stieger,13,mcs_stepdown,2.0,0.30572562358276645
stieger,13,pair_ref,3.857142857142857,0.5743197278911565
stieger,13,rect,4.285714285714286,0.629875283446712
stieger,13,top1,1.0,0.15651927437641724
stieger,13,top3,3.0,0.4695578231292517
stieger,14,mcs_stepdown,1.2857142857142858,0.188265306122449
stieger,14,pair_ref,2.142857142857143,0.29852607709750567
stieger,14,rect,3.0,0.4310657596371882
stieger,14,top1,1.0,0.15651927437641724
stieger,14,top3,3.0,0.4695578231292517
stieger,15,mcs_stepdown,2.7142857142857144,0.4449546485260771
stieger,15,pair_ref,4.285714285714286,0.6403628117913832
stieger,15,rect,5.142857142857143,0.7552154195011338
stieger,15,top1,1.0,0.15651927437641724
stieger,15,top3,3.0,0.4695578231292517
stieger,16,mcs_stepdown,3.2857142857142856,0.47278911564625853
stieger,16,pair_ref,4.285714285714286,0.6006802721088436
stieger,16,rect,5.857142857142857,0.8307823129251701
stieger,16,top1,1.0,0.15651927437641724
stieger,16,top3,3.0,0.4695578231292517
stieger,17,mcs_stepdown,4.428571428571429,0.6193877551020408
stieger,17,pair_ref,5.285714285714286,0.7367913832199546
stieger,17,rect,6.428571428571429,0.911904761904762
stieger,17,top1,1.0,0.15651927437641724
stieger,17,top3,3.0,0.4695578231292517
stieger,18,mcs_stepdown,3.2857142857142856,0.42687074829931976
stieger,18,pair_ref,3.857142857142857,0.5292517006802722
stieger,18,rect,5.571428571428571,0.7367346938775511
stieger,18,top1,1.0,0.15651927437641724
stieger,18,top3,3.0,0.4695578231292517
stieger,19,mcs_stepdown,1.1428571428571428,0.18509070294784583
stieger,19,pair_ref,1.8571428571428572,0.27318594104308386
stieger,19,rect,4.428571428571429,0.6400226757369615
stieger,19,top1,1.0,0.15651927437641724
stieger,19,top3,3.0,0.4695578231292517
stieger,20,mcs_stepdown,1.3333333333333333,0.2722222222222222
stieger,20,pair_ref,1.3333333333333333,0.2722222222222222
stieger,20,rect,1.3333333333333333,0.2722222222222222
stieger,20,top1,1.0,0.20555555555555557
stieger,20,top3,3.0,0.6166666666666667
stieger,21,mcs_stepdown,1.6666666666666667,0.33888888888888885
stieger,21,pair_ref,3.0,0.5722222222222223
stieger,21,rect,3.6666666666666665,0.7222222222222222
stieger,21,top1,1.0,0.20555555555555557
stieger,21,top3,3.0,0.6166666666666667
stieger,22,mcs_stepdown,1.6666666666666667,0.31666666666666665
stieger,22,pair_ref,2.0,0.3833333333333333
stieger,22,rect,2.0,0.3833333333333333
stieger,22,top1,1.0,0.20555555555555557
stieger,22,top3,3.0,0.6166666666666667
stieger,23,mcs_stepdown,2.0,0.41111111111111115
stieger,23,pair_ref,3.3333333333333335,0.6444444444444445
stieger,23,rect,4.666666666666667,0.9333333333333332
stieger,23,top1,1.0,0.20555555555555557
stieger,23,top3,3.0,0.6166666666666667
stieger,24,mcs_stepdown,2.2857142857142856,0.3342403628117914
stieger,24,pair_ref,2.5714285714285716,0.36638321995464856
stieger,24,rect,3.0,0.4520975056689342
stieger,24,top1,1.0,0.15651927437641724
stieger,24,top3,3.0,0.4695578231292517
stieger,25,mcs_stepdown,3.0,0.4267573696145125
stieger,25,pair_ref,3.142857142857143,0.4770975056689342
stieger,25,rect,5.285714285714286,0.7990362811791384
stieger,25,top1,1.0,0.15651927437641724
stieger,25,top3,3.0,0.4695578231292517
stieger,26,mcs_stepdown,2.857142857142857,0.5003968253968254
stieger,26,pair_ref,3.7142857142857144,0.5925736961451247
stieger,26,rect,4.714285714285714,0.717063492063492
stieger,26,top1,1.0,0.15651927437641724
stieger,26,top3,3.0,0.4695578231292517
stieger,27,mcs_stepdown,4.714285714285714,0.6522675736961451
stieger,27,pair_ref,4.142857142857143,0.5808390022675737
stieger,27,rect,5.571428571428571,0.7998866213151927
stieger,27,top1,1.0,0.15651927437641724
stieger,27,top3,3.0,0.4695578231292517
stieger,28,mcs_stepdown,2.0,0.315249433106576
stieger,28,pair_ref,2.7142857142857144,0.4086734693877551
stieger,28,rect,4.142857142857143,0.6244897959183673
stieger,28,top1,1.0,0.15651927437641724
stieger,28,top3,3.0,0.4695578231292517
stieger,29,mcs_stepdown,1.8571428571428572,0.29143990929705216
stieger,29,pair_ref,2.5714285714285716,0.356859410430839
stieger,29,rect,4.0,0.6104308390022676
stieger,29,top1,1.0,0.15651927437641724
stieger,29,top3,3.0,0.4695578231292517
stieger,30,mcs_stepdown,1.2857142857142858,0.19024943310657597
stieger,30,pair_ref,2.7142857142857144,0.3699546485260771
stieger,30,rect,4.857142857142857,0.6730725623582766
stieger,30,top1,1.0,0.15651927437641724
stieger,30,top3,3.0,0.4695578231292517
stieger,31,mcs_stepdown,4.428571428571429,0.676984126984127
stieger,31,pair_ref,5.0,0.7198412698412698
stieger,31,rect,5.285714285714286,0.7722222222222223
stieger,31,top1,1.0,0.15651927437641724
stieger,31,top3,3.0,0.4695578231292517
stieger,32,mcs_stepdown,2.142857142857143,0.30532879818594105
stieger,32,pair_ref,2.5714285714285716,0.37732426303854877
stieger,32,rect,3.5714285714285716,0.5263038548752835
stieger,32,top1,1.0,0.15651927437641724
stieger,32,top3,3.0,0.4695578231292517
stieger,33,mcs_stepdown,2.7142857142857144,0.3845238095238095
stieger,33,pair_ref,3.857142857142857,0.5253968253968254
stieger,33,rect,6.0,0.8496031746031746
stieger,33,top1,1.0,0.15651927437641724
stieger,33,top3,3.0,0.4695578231292517
stieger,34,mcs_stepdown,2.2857142857142856,0.3578798185941043
stieger,34,pair_ref,2.7142857142857144,0.4118480725623583
stieger,34,rect,4.714285714285714,0.6876984126984127
stieger,34,top1,1.0,0.15651927437641724
stieger,34,top3,3.0,0.4695578231292517
stieger,35,mcs_stepdown,2.0,0.26683673469387753
stieger,35,pair_ref,3.142857142857143,0.4316893424036281
stieger,35,rect,4.285714285714286,0.5792517006802721
stieger,35,top1,1.0,0.15651927437641724
stieger,35,top3,3.0,0.4695578231292517
stieger,36,mcs_stepdown,1.4285714285714286,0.2208049886621315
stieger,36,pair_ref,1.5714285714285714,0.23667800453514737
stieger,36,rect,3.857142857142857,0.5469954648526077
stieger,36,top1,1.0,0.15651927437641724
stieger,36,top3,3.0,0.4695578231292517
stieger,37,mcs_stepdown,3.3333333333333335,0.6277777777777778
stieger,37,pair_ref,3.6666666666666665,0.7111111111111111
stieger,37,rect,4.0,0.7944444444444444
stieger,37,top1,1.0,0.20555555555555557
stieger,37,top3,3.0,0.6166666666666667
stieger,38,mcs_stepdown,2.0,0.3247165532879818
stieger,38,pair_ref,3.2857142857142856,0.5046485260770975
stieger,38,rect,3.7142857142857144,0.5750566893424036
stieger,38,top1,1.0,0.15651927437641724
stieger,38,top3,3.0,0.4695578231292517
stieger,39,mcs_stepdown,2.0,0.37222222222222223
stieger,39,pair_ref,2.3333333333333335,0.45555555555555555
stieger,39,rect,2.6666666666666665,0.5222222222222223
stieger,39,top1,1.0,0.20555555555555557
stieger,39,top3,3.0,0.6166666666666667
stieger,40,mcs_stepdown,2.6666666666666665,0.5166666666666667
stieger,40,pair_ref,2.6666666666666665,0.5166666666666667
stieger,40,rect,3.6666666666666665,0.7388888888888889
stieger,40,top1,1.0,0.20555555555555557
stieger,40,top3,3.0,0.6166666666666667
stieger,41,mcs_stepdown,1.5714285714285714,0.23922902494331066
stieger,41,pair_ref,3.0,0.4425736961451247
stieger,41,rect,4.285714285714286,0.650453514739229
stieger,41,top1,1.0,0.15651927437641724
stieger,41,top3,3.0,0.4695578231292517
stieger,42,mcs_stepdown,1.3333333333333333,0.2722222222222222
stieger,42,pair_ref,2.0,0.4222222222222222
stieger,42,rect,4.0,0.7833333333333333
stieger,42,top1,1.0,0.20555555555555557
stieger,42,top3,3.0,0.6166666666666667
stieger,43,mcs_stepdown,1.3333333333333333,0.2888888888888889
stieger,43,pair_ref,1.3333333333333333,0.2888888888888889
stieger,43,rect,1.3333333333333333,0.2888888888888889
stieger,43,top1,1.0,0.20555555555555557
stieger,43,top3,3.0,0.6166666666666667
stieger,44,mcs_stepdown,2.857142857142857,0.4604308390022676
stieger,44,pair_ref,3.857142857142857,0.5923469387755101
stieger,44,rect,5.857142857142857,0.8515873015873016
stieger,44,top1,1.0,0.15651927437641724
stieger,44,top3,3.0,0.4695578231292517
stieger,45,mcs_stepdown,1.0,0.20555555555555557
stieger,45,pair_ref,1.0,0.20555555555555557
stieger,45,rect,1.0,0.20555555555555557
stieger,45,top1,1.0,0.20555555555555557
stieger,45,top3,3.0,0.6166666666666667
stieger,46,mcs_stepdown,2.0,0.3340702947845805
stieger,46,pair_ref,2.5714285714285716,0.41422902494331065
stieger,46,rect,4.714285714285714,0.7180839002267574
stieger,46,top1,1.0,0.15651927437641724
stieger,46,top3,3.0,0.4695578231292517
stieger,47,mcs_stepdown,2.857142857142857,0.39246031746031745
stieger,47,pair_ref,4.0,0.5785714285714285
stieger,47,rect,4.714285714285714,0.6876984126984127
stieger,47,top1,1.0,0.15651927437641724
stieger,47,top3,3.0,0.4695578231292517
stieger,48,mcs_stepdown,2.0,0.42777777777777776
stieger,48,pair_ref,2.6666666666666665,0.5499999999999999
stieger,48,rect,4.0,0.8111111111111112
stieger,48,top1,1.0,0.20555555555555557
stieger,48,top3,3.0,0.6166666666666667
stieger,49,mcs_stepdown,2.3333333333333335,0.5111111111111111
stieger,49,pair_ref,3.0,0.6333333333333333
stieger,49,rect,4.0,0.8222222222222223
stieger,49,top1,1.0,0.20555555555555557
stieger,49,top3,3.0,0.6166666666666667
stieger,50,mcs_stepdown,2.7142857142857144,0.3846938775510204
stieger,50,pair_ref,3.142857142857143,0.4540816326530613
stieger,50,rect,4.428571428571429,0.6298185941043084
stieger,50,top1,1.0,0.15651927437641724
stieger,50,top3,3.0,0.4695578231292517
stieger,51,mcs_stepdown,3.142857142857143,0.5288548752834468
stieger,51,pair_ref,4.571428571428571,0.6933106575963718
stieger,51,rect,5.142857142857143,0.7571995464852608
stieger,51,top1,1.0,0.15651927437641724
stieger,51,top3,3.0,0.4695578231292517
stieger,52,mcs_stepdown,3.3333333333333335,0.6833333333333332
stieger,52,pair_ref,4.0,0.8055555555555555
stieger,52,rect,4.666666666666667,0.9166666666666666
stieger,52,top1,1.0,0.20555555555555557
stieger,52,top3,3.0,0.6166666666666667
stieger,53,mcs_stepdown,2.4285714285714284,0.37329931972789115
stieger,53,pair_ref,2.7142857142857144,0.41734693877551016
stieger,53,rect,3.7142857142857144,0.5726190476190476
stieger,53,top1,1.0,0.15651927437641724
stieger,53,top3,3.0,0.4695578231292517
stieger,54,mcs_stepdown,2.142857142857143,0.3221655328798186
stieger,54,pair_ref,3.4285714285714284,0.5290816326530612
stieger,54,rect,4.285714285714286,0.6326530612244898
stieger,54,top1,1.0,0.15651927437641724
stieger,54,top3,3.0,0.4695578231292517
stieger,55,mcs_stepdown,3.0,0.4282879818594104
stieger,55,pair_ref,4.0,0.5919501133786849
stieger,55,rect,5.142857142857143,0.749092970521542
stieger,55,top1,1.0,0.15651927437641724
stieger,55,top3,3.0,0.4695578231292517
stieger,56,mcs_stepdown,2.6666666666666665,0.5499999999999999
stieger,56,pair_ref,3.0,0.6166666666666667
stieger,56,rect,3.3333333333333335,0.7000000000000001
stieger,56,top1,1.0,0.20555555555555557
stieger,56,top3,3.0,0.6166666666666667
stieger,57,mcs_stepdown,2.3333333333333335,0.45
stieger,57,pair_ref,2.6666666666666665,0.5333333333333333
stieger,57,rect,4.666666666666667,0.9166666666666666
stieger,57,top1,1.0,0.20555555555555557
stieger,57,top3,3.0,0.6166666666666667
stieger,58,mcs_stepdown,3.4285714285714284,0.5756802721088435
stieger,58,pair_ref,4.857142857142857,0.7508503401360545
stieger,58,rect,6.285714285714286,0.9214285714285715
stieger,58,top1,1.0,0.15651927437641724
stieger,58,top3,3.0,0.4695578231292517
stieger,59,mcs_stepdown,2.5714285714285716,0.46184807256235827
stieger,59,pair_ref,5.285714285714286,0.7895124716553289
stieger,59,rect,5.857142857142857,0.8668934240362811
stieger,59,top1,1.0,0.15651927437641724
stieger,59,top3,3.0,0.4695578231292517
stieger,60,mcs_stepdown,1.0,0.20555555555555557
stieger,60,pair_ref,1.0,0.20555555555555557
stieger,60,rect,1.0,0.20555555555555557
stieger,60,top1,1.0,0.20555555555555557
stieger,60,top3,3.0,0.6166666666666667
stieger,61,mcs_stepdown,2.0,0.41111111111111115
stieger,61,pair_ref,2.0,0.41111111111111115
stieger,61,rect,3.0,0.6333333333333333
stieger,61,top1,1.0,0.20555555555555557
stieger,61,top3,3.0,0.6166666666666667
stieger,62,mcs_stepdown,1.3333333333333333,0.2611111111111111
stieger,62,pair_ref,1.3333333333333333,0.2611111111111111
stieger,62,rect,2.0,0.3833333333333333
stieger,62,top1,1.0,0.20555555555555557
stieger,62,top3,3.0,0.6166666666666667
