subject,n_sources,rect_split_size,pair_split_size,ref_combined_size,rect_combined_size,wrong_ref_combined_size
1,10,7,7,7,7,7
2,10,8,7,7,7,7
3,6,5,5,5,5,5
4,10,3,2,2,3,2
5,6,1,1,1,1,1
6,6,6,6,6,6,6
7,10,1,1,1,1,1
8,10,3,2,1,3,3
9,10,6,5,5,6,6
10,10,6,4,4,6,4
11,10,6,5,5,6,6
12,10,6,4,3,5,3
13,10,5,5,4,5,4
14,10,3,2,1,2,2
15,10,8,7,7,8,7
16,10,8,5,5,7,5
17,10,8,8,8,8,8
18,10,9,4,4,9,7
19,10,4,3,3,4,3
20,6,1,1,1,1,1
21,6,5,4,4,5,4
22,6,3,3,3,3,3
23,6,6,5,4,6,6
24,10,5,5,5,5,5
25,10,10,8,8,10,10
26,10,7,3,3,6,3
27,10,10,7,7,10,10
28,10,3,3,3,3,3
29,10,4,3,3,4,3
30,10,10,4,4,10,10
31,10,5,5,5,5,5
32,10,3,3,2,3,2
33,10,10,6,7,10,8
34,10,10,8,7,10,9
35,10,8,6,6,8,6
36,10,8,3,3,7,3
37,6,5,5,5,5,5
38,10,4,3,3,3,3
39,6,4,4,4,4,4
40,6,4,4,4,4,3
41,10,5,4,4,4,2
42,6,6,1,1,6,6
43,6,1,1,1,1,1
44,10,8,4,4,8,4
45,6,1,1,1,1,1
46,10,6,3,3,6,5
47,10,4,4,4,4,4
48,6,5,4,4,5,4
49,6,4,3,3,4,3
50,10,6,6,6,6,6
51,10,6,5,5,6,5
52,6,6,3,3,6,4
53,10,3,3,2,2,3
54,10,6,5,5,6,5
55,10,6,5,5,6,6
56,6,3,3,3,3,3
57,6,6,3,3,6,6
58,10,8,6,5,7,6
59,10,7,6,6,6,6
60,6,1,1,1,1,1
61,6,3,2,2,3,3
62,6,3,3,3,3,2
