scenario,K,n,e_c,e_d,e_cj,e_dj,domination_all,domination_se_all,domination_lb_all,pair_subset_rect,top1_not_oracle,v_domination_equiv,v_domination_subset,v_exact_pair,v_exact_pair_combined,v_exact_rect,v_exact_rect_combined,v_exact_ref_combined,v_exact_ref_split,v_pair,v_pair_combined_empty,v_pair_combined_near,v_pair_empty,v_pair_near,v_rect,v_rect_combined_empty,v_rect_combined_near,v_rect_empty,v_rect_near,v_ref_combined,v_ref_combined_near,v_ref_combined_subset_rect,v_ref_split,v_ref_split_near,v_ref_subset_rect,e_cj_wrong,e_dj_wrong,wrong_ref_oracle_retained,wrong_ref_size
calibration_ablation,8,100,0.999,0.9895,0.996,0.997,1.0,1.0,1.0,1.0,0.347,0.0,0.0,0.0,0.0,0.0,0.0,0.0,0.0,0.0,0.0,0.0,0.0,0.0,0.0,0.0,0.0,0.0,0.0,0.0,0.0,0.0,0.0,0.0,0.0,0.997,0.998,1.0,6.32
growing_k,5,100,0.9965,0.9935,0.9905,0.999,1.0,1.0,1.0,1.0,0.0255,0.0,0.0,0.0,0.0,0.0,0.0,0.0,0.0,0.0,0.0,0.0,0.0,0.0,0.0,0.0,0.0,0.0,0.0,0.0,0.0,0.0,0.0,0.0,0.0,,,,
growing_k,10,100,0.9975,0.9925,0.9895,0.9955,1.0,1.0,1.0,1.0,0.1415,0.0,0.0,0.0,0.0,0.0,0.0,0.0,0.0,0.0,0.0,0.0,0.0,0.0,0.0,0.0,0.0,0.0,0.0,0.0,0.0,0.0,0.0,0.0,0.0,,,,
growing_k,20,100,0.9955,0.9965,0.9905,0.997,1.0,1.0,1.0,1.0,0.356,0.0,0.0,0.0,0.0,0.0,0.0,0.0,0.0,0.0,0.0,0.0,0.0,0.0,0.0,0.0,0.0,0.0,0.0,0.0,0.0,0.0,0.0,0.0,0.0,,,,
growing_k,40,100,0.996,0.9985,0.9925,0.998,1.0,1.0,1.0,1.0,0.521,0.0,0.0,0.0,0.0,0.0,0.0,0.0,0.0,0.0,0.0,0.0,0.0,0.0,0.0,0.0,0.0,0.0,0.0,0.0,0.0,0.0,0.0,0.0,0.0,,,,
large_margin,8,50,0.995,0.986,0.9875,0.9945,1.0,1.0,1.0,1.0,0.136,0.0,0.0,0.0,0.0,0.0,0.0,0.0,0.0,0.0,0.0,0.0,0.0,0.0,0.0,0.0,0.0,0.0,0.0,0.0,0.0,0.0,0.0,0.0,0.0,,,,
large_margin,8,100,0.9955,0.979,0.983,0.9875,1.0,1.0,1.0,1.0,0.047,0.0,0.0,0.0,0.0,0.0,0.0,0.0,0.0,0.0,0.0,0.0,0.0,0.0,0.0,0.0,0.0,0.0,0.0,0.0,0.0,0.0,0.0,0.0,0.0,,,,
large_margin,8,200,0.9925,0.978,0.987,0.9845,1.0,1.0,1.0,1.0,0.0045,0.0,0.0,0.0,0.0,0.0,0.0,0.0,0.0,0.0,0.0,0.0,0.0,0.0,0.0,0.0,0.0,0.0,0.0,0.0,0.0,0.0,0.0,0.0,0.0,,,,
small_margin,8,50,0.999,0.9965,0.9975,0.998,1.0,1.0,1.0,1.0,0.6605,0.0,0.0,0.0,0.0,0.0,0.0,0.0,0.0,0.0,0.0,0.0,0.0,0.0,0.0,0.0,0.0,0.0,0.0,0.0,0.0,0.0,0.0,0.0,0.0,,,,
small_margin,8,100,0.998,0.9955,0.997,0.9985,1.0,1.0,1.0,1.0,0.576,0.0,0.0,0.0,0.0,0.0,0.0,0.0,0.0,0.0,0.0,0.0,0.0,0.0,0.0,0.0,0.0,0.0,0.0,0.0,0.0,0.0,0.0,0.0,0.0,,,,
small_margin,8,200,0.9975,0.9905,0.9945,0.996,1.0,1.0,1.0,1.0,0.4365,0.0,0.0,0.0,0.0,0.0,0.0,0.0,0.0,0.0,0.0,0.0,0.0,0.0,0.0,0.0,0.0,0.0,0.0,0.0,0.0,0.0,0.0,0.0,0.0,,,,
tied_oracle,8,50,0.9985,0.9905,0.997,0.998,1.0,1.0,1.0,1.0,0.29,0.0,0.0,0.0,0.0,0.0,0.0,0.0,0.0,0.0,0.0,0.0,0.0,0.0,0.0,0.0,0.0,0.0,0.0,0.0,0.0,0.0,0.0,0.0,0.0,,,,
tied_oracle,8,100,0.9985,0.987,0.9965,0.996,1.0,1.0,1.0,1.0,0.236,0.0,0.0,0.0,0.0,0.0,0.0,0.0,0.0,0.0,0.0,0.0,0.0,0.0,0.0,0.0,0.0,0.0,0.0,0.0,0.0,0.0,0.0,0.0,0.0,,,,
tied_oracle,8,200,0.997,0.98,0.993,0.9955,1.0,1.0,1.0,1.0,0.162,0.0,0.0,0.0,0.0,0.0,0.0,0.0,0.0,0.0,0.0,0.0,0.0,0.0,0.0,0.0,0.0,0.0,0.0,0.0,0.0,0.0,0.0,0.0,0.0,,,,
