scenario,K,n,top1_choice,count,total,selection_frequency,selection_entropy
calibration_ablation,8,100,0,1306,2000,0.653,0.8800572103411004
calibration_ablation,8,100,1,508,2000,0.254,0.8800572103411004
calibration_ablation,8,100,2,165,2000,0.0825,0.8800572103411004
calibration_ablation,8,100,3,21,2000,0.0105,0.8800572103411004
growing_k,5,100,0,1949,2000,0.9745,0.12295234388769401
growing_k,5,100,1,49,2000,0.0245,0.12295234388769401
growing_k,5,100,2,2,2000,0.001,0.12295234388769401
growing_k,10,100,0,1717,2000,0.8585,0.4829111868006628
growing_k,10,100,1,235,2000,0.1175,0.4829111868006628
growing_k,10,100,2,40,2000,0.02,0.4829111868006628
growing_k,10,100,3,8,2000,0.004,0.4829111868006628
growing_k,20,100,0,1288,2000,0.644,0.9919290222915418
growing_k,20,100,1,478,2000,0.239,0.9919290222915418
growing_k,20,100,2,153,2000,0.0765,0.9919290222915418
growing_k,20,100,3,54,2000,0.027,0.9919290222915418
growing_k,20,100,4,17,2000,0.0085,0.9919290222915418
growing_k,20,100,5,4,2000,0.002,0.9919290222915418
growing_k,20,100,6,4,2000,0.002,0.9919290222915418
growing_k,20,100,7,2,2000,0.001,0.9919290222915418
growing_k,40,100,0,958,2000,0.479,1.4922923247020745
growing_k,40,100,1,464,2000,0.232,1.4922923247020745
growing_k,40,100,2,252,2000,0.126,1.4922923247020745
growing_k,40,100,3,160,2000,0.08,1.4922923247020745
growing_k,40,100,4,63,2000,0.0315,1.4922923247020745
growing_k,40,100,5,38,2000,0.019,1.4922923247020745
growing_k,40,100,6,34,2000,0.017,1.4922923247020745
growing_k,40,100,7,14,2000,0.007,1.4922923247020745
growing_k,40,100,8,8,2000,0.004,1.4922923247020745
growing_k,40,100,9,7,2000,0.0035,1.4922923247020745
growing_k,40,100,10,1,2000,0.0005,1.4922923247020745
growing_k,40,100,11,1,2000,0.0005,1.4922923247020745
large_margin,8,50,0,1728,2000,0.864,0.42222637136083896
large_margin,8,50,1,260,2000,0.13,0.42222637136083896
large_margin,8,50,2,12,2000,0.006,0.42222637136083896
large_margin,8,100,0,1906,2000,0.953,0.1923543168543735
large_margin,8,100,1,93,2000,0.0465,0.1923543168543735
large_margin,8,100,2,1,2000,0.0005,0.1923543168543735
large_margin,8,200,0,1991,2000,0.9955,0.028806410248161912
large_margin,8,200,1,9,2000,0.0045,0.028806410248161912
small_margin,8,50,0,679,2000,0.3395,1.4824181453904708
small_margin,8,50,1,474,2000,0.237,1.4824181453904708
small_margin,8,50,2,416,2000,0.208,1.4824181453904708
small_margin,8,50,3,347,2000,0.1735,1.4824181453904708
small_margin,8,50,4,78,2000,0.039,1.4824181453904708
small_margin,8,50,5,6,2000,0.003,1.4824181453904708
small_margin,8,100,0,848,2000,0.424,1.3379172309135505
small_margin,8,100,1,517,2000,0.2585,1.3379172309135505
small_margin,8,100,2,346,2000,0.173,1.3379172309135505
small_margin,8,100,3,265,2000,0.1325,1.3379172309135505
small_margin,8,100,4,24,2000,0.012,1.3379172309135505
small_margin,8,200,0,1127,2000,0.5635,1.1050769031689591
small_margin,8,200,1,495,2000,0.2475,1.1050769031689591
small_margin,8,200,2,257,2000,0.1285,1.1050769031689591
small_margin,8,200,3,120,2000,0.06,1.1050769031689591
small_margin,8,200,4,1,2000,0.0005,1.1050769031689591
tied_oracle,8,50,0,716,2000,0.358,1.1910166793561197
tied_oracle,8,50,1,704,2000,0.352,1.1910166793561197
tied_oracle,8,50,2,525,2000,0.2625,1.1910166793561197
tied_oracle,8,50,3,52,2000,0.026,1.1910166793561197
tied_oracle,8,50,4,3,2000,0.0015,1.1910166793561197
tied_oracle,8,100,0,739,2000,0.3695,1.0978562405590482
tied_oracle,8,100,1,789,2000,0.3945,1.0978562405590482
tied_oracle,8,100,2,463,2000,0.2315,1.0978562405590482
tied_oracle,8,100,3,9,2000,0.0045,1.0978562405590482
tied_oracle,8,200,0,838,2000,0.419,1.0238288417797394
tied_oracle,8,200,1,838,2000,0.419,1.0238288417797394
tied_oracle,8,200,2,324,2000,0.162,1.0238288417797394
