scenario,K,n,method,oracle_retained,exact_recovery,set_size,worst_excess,false_excluded_oracle,false_included_nonoracle
calibration_ablation,8,100,pair_combined,1.0,0.0,5.967,0.925175,0.0,4.967
calibration_ablation,8,100,pair_split,1.0,0.0,5.666,0.7904,0.0,4.666
calibration_ablation,8,100,rect_combined,1.0,0.0,7.1695,1.5226499999999998,0.0,6.1695
calibration_ablation,8,100,rect_split,1.0,0.0,7.5315,1.7278999999999998,0.0,6.5315
calibration_ablation,8,100,ref_combined,1.0,0.0,5.967,0.925175,0.0,4.967
calibration_ablation,8,100,ref_combined_wrong_target,1.0,0.0,6.32,1.086675,0.0,5.32
calibration_ablation,8,100,ref_split,1.0,0.0,5.666,0.7904,0.0,4.666
calibration_ablation,8,100,top1,0.653,0.653,1.0,0.025225,0.347,0.347
growing_k,5,100,pair_combined,1.0,0.0015,3.9475,0.8996999999999999,0.0,2.9475
growing_k,5,100,pair_split,1.0,0.006,3.5655,0.7847999999999999,0.0,2.5655
growing_k,5,100,rect_combined,1.0,0.0,4.844,1.1547,0.0,3.844
growing_k,5,100,rect_split,1.0,0.0,4.9635,1.1895,0.0,3.9635
growing_k,5,100,ref_combined,1.0,0.0015,3.9475,0.8996999999999999,0.0,2.9475
growing_k,5,100,ref_split,1.0,0.006,3.5655,0.7847999999999999,0.0,2.5655
growing_k,5,100,top1,0.9745,0.9745,1.0,0.007949999999999999,0.0255,0.0255
growing_k,10,100,pair_combined,1.0,0.0,8.629,1.0585333333333333,0.0,7.629
growing_k,10,100,pair_split,1.0,0.0,8.3315,1.0268,0.0,7.3315
growing_k,10,100,rect_combined,1.0,0.0,9.913,1.1924666666666668,0.0,8.913
growing_k,10,100,rect_split,1.0,0.0,9.9775,1.1977333333333333,0.0,8.9775
growing_k,10,100,ref_combined,1.0,0.0,8.629,1.0585333333333333,0.0,7.629
growing_k,10,100,ref_split,1.0,0.0,8.3315,1.0268,0.0,7.3315
growing_k,10,100,top1,0.8585,0.8585,1.0,0.022600000000000002,0.1415,0.1415
growing_k,20,100,pair_combined,1.0,0.0,18.414,1.1471052631578948,0.0,17.414
growing_k,20,100,pair_split,1.0,0.0,18.365,1.1459368421052631,0.0,17.365
growing_k,20,100,rect_combined,1.0,0.0,19.964,1.1988631578947369,0.0,18.964
growing_k,20,100,rect_split,1.0,0.0,19.9865,1.1995578947368422,0.0,18.9865
growing_k,20,100,ref_combined,1.0,0.0,18.414,1.1471052631578948,0.0,17.414
growing_k,20,100,ref_split,1.0,0.0,18.365,1.1459368421052631,0.0,17.365
growing_k,20,100,top1,0.644,0.644,1.0,0.03385263157894737,0.356,0.356
growing_k,40,100,pair_combined,1.0,0.0,38.274,1.1836615384615383,0.0,37.274
growing_k,40,100,pair_split,1.0,0.0,38.532,1.1872307692307693,0.0,37.532
growing_k,40,100,rect_combined,1.0,0.0,39.9905,1.1999692307692307,0.0,38.9905
growing_k,40,100,rect_split,1.0,0.0,39.997,1.1999846153846154,0.0,38.997
growing_k,40,100,ref_combined,1.0,0.0,38.274,1.1836615384615383,0.0,37.274
growing_k,40,100,ref_split,1.0,0.0,38.532,1.1872307692307693,0.0,37.532
growing_k,40,100,top1,0.479,0.479,1.0,0.036,0.521,0.521
large_margin,8,50,pair_combined,1.0,0.0,4.717,1.8218050000000001,0.0,3.717
large_margin,8,50,pair_split,1.0,0.0,4.482,1.630045,0.0,3.482
large_margin,8,50,rect_combined,1.0,0.0,5.9715,2.954995,0.0,4.9715
large_margin,8,50,rect_split,1.0,0.0,6.4585,3.471985,0.0,5.4585
large_margin,8,50,ref_combined,1.0,0.0,4.717,1.8218050000000001,0.0,3.717
large_margin,8,50,ref_split,1.0,0.0,4.482,1.630045,0.0,3.482
large_margin,8,50,top1,0.864,0.864,1.0,0.036340000000000004,0.136,0.136
large_margin,8,100,pair_combined,1.0,0.0,3.3005,0.830065,0.0,2.3005
large_margin,8,100,pair_split,1.0,0.0,3.1945,0.773215,0.0,2.1945
large_margin,8,100,rect_combined,1.0,0.0,4.1645,1.3550049999999998,0.0,3.1645
large_margin,8,100,rect_split,1.0,0.0,4.4565,1.5660999999999998,0.0,3.4565
large_margin,8,100,ref_combined,1.0,0.0,3.3005,0.830065,0.0,2.3005
large_margin,8,100,ref_split,1.0,0.0,3.1945,0.773215,0.0,2.1945
large_margin,8,100,top1,0.953,0.953,1.0,0.011945,0.047,0.047
large_margin,8,200,pair_combined,1.0,0.0305,2.2715,0.36110000000000003,0.0,1.2715
large_margin,8,200,pair_split,1.0,0.041,2.196,0.33283999999999997,0.0,1.196
large_margin,8,200,rect_combined,1.0,0.0005,2.849,0.58874,0.0,1.849
large_margin,8,200,rect_split,1.0,0.0,3.0195,0.6670750000000001,0.0,2.0195
large_margin,8,200,ref_combined,1.0,0.0305,2.2715,0.36110000000000003,0.0,1.2715
large_margin,8,200,ref_split,1.0,0.041,2.196,0.33283999999999997,0.0,1.196
large_margin,8,200,top1,0.9955,0.9955,1.0,0.001125,0.0045,0.0045
small_margin,8,50,pair_combined,1.0,0.0,7.771,1.6261,0.0,6.771
small_margin,8,50,pair_split,1.0,0.0,7.5415,1.4504000000000001,0.0,6.5415
small_margin,8,50,rect_combined,1.0,0.0,7.997,1.7976,0.0,6.997
small_margin,8,50,rect_split,1.0,0.0,7.999,1.7992000000000001,0.0,6.999
small_margin,8,50,ref_combined,1.0,0.0,7.771,1.6261,0.0,6.771
small_margin,8,50,ref_split,1.0,0.0,7.5415,1.4504000000000001,0.0,6.5415
small_margin,8,50,top1,0.3395,0.3395,1.0,0.03277,0.6605,0.6605
small_margin,8,100,pair_combined,1.0,0.0,6.7515,0.9015299999999999,0.0,5.7515
small_margin,8,100,pair_split,1.0,0.0,6.4205,0.72368,0.0,5.4205
small_margin,8,100,rect_combined,1.0,0.0,7.541,1.4352,0.0,6.541
small_margin,8,100,rect_split,1.0,0.0,7.812,1.64975,0.0,6.812
small_margin,8,100,ref_combined,1.0,0.0,6.7515,0.9015299999999999,0.0,5.7515
small_margin,8,100,ref_split,1.0,0.0,6.4205,0.72368,0.0,5.4205
small_margin,8,100,top1,0.424,0.424,1.0,0.02244,0.576,0.576
small_margin,8,200,pair_combined,1.0,0.0,5.671,0.40613,0.0,4.671
small_margin,8,200,pair_split,1.0,0.0,5.4165,0.32793,0.0,4.4165
small_margin,8,200,rect_combined,1.0,0.0,6.3155,0.66125,0.0,5.3155
small_margin,8,200,rect_split,1.0,0.0,6.623,0.8135,0.0,5.623
small_margin,8,200,ref_combined,1.0,0.0,5.671,0.40613,0.0,4.671
small_margin,8,200,ref_split,1.0,0.0,5.4165,0.32793,0.0,4.4165
small_margin,8,200,top1,0.5635,0.5635,1.0,0.01379,0.4365,0.4365
tied_oracle,8,50,pair_combined,1.0,0.0,6.4285,1.9476,0.0,4.4285
tied_oracle,8,50,pair_split,1.0,0.0,5.9905,1.5700999999999998,0.0,3.9905
tied_oracle,8,50,rect_combined,1.0,0.0,7.4475,2.91885,0.0,5.4475
tied_oracle,8,50,rect_split,1.0,0.0,7.7895,3.2746500000000003,0.0,5.7895
tied_oracle,8,50,ref_combined,1.0,0.0,6.4285,1.9476,0.0,4.4285
tied_oracle,8,50,ref_split,1.0,0.0,5.9905,1.5700999999999998,0.0,3.9905
tied_oracle,8,50,top1,0.0,0.0,1.0,0.016875,1.29,0.29
tied_oracle,8,100,pair_combined,1.0,0.0,5.046,0.867295,0.0,3.046
tied_oracle,8,100,pair_split,1.0,0.0,4.7175,0.6751650000000001,0.0,2.7175
tied_oracle,8,100,rect_combined,1.0,0.0,5.8165,1.3902999999999999,0.0,3.8165
tied_oracle,8,100,rect_split,1.0,0.0,6.2035,1.7034,0.0,4.2035
tied_oracle,8,100,ref_combined,1.0,0.0,5.046,0.867295,0.0,3.046
tied_oracle,8,100,ref_split,1.0,0.0,4.7175,0.6751650000000001,0.0,2.7175
tied_oracle,8,100,top1,0.0,0.0,1.0,0.008295,1.236,0.236
tied_oracle,8,200,pair_combined,1.0,0.0,4.075,0.347275,0.0,2.075
tied_oracle,8,200,pair_split,1.0,0.0,3.925,0.28758999999999996,0.0,1.925
tied_oracle,8,200,rect_combined,1.0,0.0,4.633,0.617,0.0,2.633
tied_oracle,8,200,rect_split,1.0,0.0,4.8865,0.7483500000000001,0.0,2.8865
tied_oracle,8,200,ref_combined,1.0,0.0,4.075,0.347275,0.0,2.075
tied_oracle,8,200,ref_split,1.0,0.0,3.925,0.28758999999999996,0.0,1.925
tied_oracle,8,200,top1,0.0,0.0,1.0,0.00486,1.162,0.162
