scenario,K,n_target,n_source,method,oracle_retained,exact_recovery,set_size,worst_excess,false_excluded_oracle,false_included_nonoracle
target_limited_medium,8,20,100,eb_gate,1.0,0.0,8.0,2.0,0.0,7.0
target_limited_medium,8,20,100,pair_ref,1.0,0.0,7.319,1.63055,0.0,6.319
target_limited_medium,8,20,100,rect_split,1.0,0.0,8.0,2.0,0.0,7.0
target_limited_medium,8,20,100,ref_combined,1.0,0.0,7.44,1.69645,0.0,6.44
target_limited_medium,8,20,100,ref_combined_wrong_target,1.0,0.0,7.96,1.9764000000000002,0.0,6.96
target_limited_medium,8,20,100,threshold,0.749,0.289,1.933,0.10984999999999999,0.251,1.184
target_limited_medium,8,20,100,top1,0.535,0.535,1.0,0.05131,0.465,0.465
target_limited_medium,8,20,100,top3,0.859,0.0,3.0,0.19307999999999997,0.141,2.141
target_limited_medium,8,20,500,eb_gate,1.0,0.0,7.981,1.9887000000000001,0.0,6.981
target_limited_medium,8,20,500,pair_ref,1.0,0.0,5.958,0.9600599999999999,0.0,4.958
target_limited_medium,8,20,500,rect_split,1.0,0.0,7.981,1.9887000000000001,0.0,6.981
target_limited_medium,8,20,500,ref_combined,1.0,0.0,6.119,1.04422,0.0,5.119
target_limited_medium,8,20,500,ref_combined_wrong_target,1.0,0.0,7.875,1.9279000000000002,0.0,6.875
target_limited_medium,8,20,500,threshold,0.881,0.315,2.126,0.09786,0.119,1.245
target_limited_medium,8,20,500,top1,0.662,0.662,1.0,0.034570000000000004,0.338,0.338
target_limited_medium,8,20,500,top3,0.875,0.0,3.0,0.15056999999999998,0.125,2.125
target_limited_medium,8,50,200,eb_gate,1.0,0.0,7.741,1.8482,0.0,6.741
target_limited_medium,8,50,200,pair_ref,1.0,0.0,5.519,0.73411,0.0,4.519
target_limited_medium,8,50,200,rect_split,1.0,0.0,7.741,1.8482,0.0,6.741
target_limited_medium,8,50,200,ref_combined,1.0,0.0,5.768,0.84251,0.0,4.768
target_limited_medium,8,50,200,ref_combined_wrong_target,1.0,0.0,6.851,1.3548,0.0,5.851
target_limited_medium,8,50,200,threshold,0.953,0.245,2.142,0.08020000000000001,0.047,1.189
target_limited_medium,8,50,200,top1,0.701,0.701,1.0,0.02151,0.299,0.299
target_limited_medium,8,50,200,top3,0.963,0.0,3.0,0.14245,0.037,2.037
target_limited_medium,8,50,500,eb_gate,1.0,0.0,7.396,1.6512,0.0,6.396
target_limited_medium,8,50,500,pair_ref,1.0,0.0,4.8,0.48243,0.0,3.8
target_limited_medium,8,50,500,rect_split,1.0,0.0,7.393,1.6495,0.0,6.393
target_limited_medium,8,50,500,ref_combined,1.0,0.0,4.986,0.5494,0.0,3.986
target_limited_medium,8,50,500,ref_combined_wrong_target,1.0,0.0,6.516,1.1816499999999999,0.0,5.516
target_limited_medium,8,50,500,threshold,0.973,0.252,2.224,0.08076,0.027,1.251
target_limited_medium,8,50,500,top1,0.734,0.734,1.0,0.01768,0.266,0.266
target_limited_medium,8,50,500,top3,0.959,0.0,3.0,0.12922,0.041,2.041
target_limited_small,8,20,100,eb_gate,1.0,0.0,8.0,1.8,0.0,7.0
target_limited_small,8,20,100,pair_ref,1.0,0.0,7.589,1.4922,0.0,6.589
target_limited_small,8,20,100,rect_split,1.0,0.0,8.0,1.8,0.0,7.0
target_limited_small,8,20,100,ref_combined,1.0,0.0,7.692,1.5704,0.0,6.692
target_limited_small,8,20,100,ref_combined_wrong_target,1.0,0.0,7.99,1.792,0.0,6.99
target_limited_small,8,20,100,threshold,0.653,0.11,2.48,0.08982000000000001,0.347,1.827
target_limited_small,8,20,100,top1,0.327,0.327,1.0,0.043340000000000004,0.673,0.673
target_limited_small,8,20,100,top3,0.744,0.0,3.0,0.10729999999999999,0.256,2.256
target_limited_small,8,20,500,eb_gate,1.0,0.0,7.996,1.7968,0.0,6.996
target_limited_small,8,20,500,pair_ref,1.0,0.0,6.726,0.94426,0.0,5.726
target_limited_small,8,20,500,rect_split,1.0,0.0,7.996,1.7968,0.0,6.996
target_limited_small,8,20,500,ref_combined,1.0,0.0,6.844,1.02318,0.0,5.844
target_limited_small,8,20,500,ref_combined_wrong_target,1.0,0.0,7.953,1.763,0.0,6.953
target_limited_small,8,20,500,threshold,0.858,0.119,3.101,0.08424,0.142,2.243
target_limited_small,8,20,500,top1,0.498,0.498,1.0,0.027080000000000003,0.502,0.502
target_limited_small,8,20,500,top3,0.754,0.0,3.0,0.07506,0.246,2.246
target_limited_small,8,50,200,eb_gate,1.0,0.0,7.899,1.7192,0.0,6.899
target_limited_small,8,50,200,pair_ref,1.0,0.0,6.384,0.71662,0.0,5.384
target_limited_small,8,50,200,rect_split,1.0,0.0,7.899,1.7192,0.0,6.899
target_limited_small,8,50,200,ref_combined,1.0,0.0,6.561,0.8144600000000001,0.0,5.561
target_limited_small,8,50,200,ref_combined_wrong_target,1.0,0.0,7.4,1.3352,0.0,6.4
target_limited_small,8,50,200,threshold,0.903,0.065,3.189,0.07314,0.097,2.286
target_limited_small,8,50,200,top1,0.475,0.475,1.0,0.02146,0.525,0.525
target_limited_small,8,50,200,top3,0.815,0.0,3.0,0.06394,0.185,2.185
target_limited_small,8,50,500,eb_gate,1.0,0.0,7.704,1.5656,0.0,6.704
target_limited_small,8,50,500,pair_ref,1.0,0.0,5.825,0.47766000000000003,0.0,4.825
target_limited_small,8,50,500,rect_split,1.0,0.0,7.704,1.5656,0.0,6.704
target_limited_small,8,50,500,ref_combined,1.0,0.0,5.973,0.54314,0.0,4.973
target_limited_small,8,50,500,ref_combined_wrong_target,1.0,0.0,7.166,1.1709,0.0,6.166
target_limited_small,8,50,500,threshold,0.967,0.059,3.478,0.07226,0.033,2.511
target_limited_small,8,50,500,top1,0.568,0.568,1.0,0.01638,0.432,0.432
target_limited_small,8,50,500,top3,0.834,0.0,3.0,0.056119999999999996,0.166,2.166
