dataset,budget,set_size,jaccard_vs_999,same_members_vs_999,size_change_vs_999,absolute_size_change_vs_999,members_added_vs_999,members_removed_vs_999,q_component,q_contrast,q_component_change_vs_999,q_contrast_change_vs_999,q_component_abs_change_vs_999,q_contrast_abs_change_vs_999,n_subjects
ma2020,99,9.111111111111112,0.9865079365079366,0.8333333333333334,-0.0555555555555555,0.1666666666666666,0.0555555555555555,0.1111111111111111,4.502825894903058,3.994146667758272,-0.2757341714617331,-0.2194277157718408,0.3565108416638373,0.2844255481835231,3
ma2020,199,9.111111111111112,0.9944444444444444,0.9444444444444444,-0.0555555555555555,0.0555555555555555,0.0,0.0555555555555555,4.584868991170729,4.092150603839108,-0.1936910751940615,-0.1214237796910047,0.2388247474782316,0.1826027315035753,3
ma2020,499,9.166666666666666,1.0,1.0,0.0,0.0,0.0,0.0,4.700739995927754,4.161468285299434,-0.0778200704370356,-0.0521060982306786,0.1012010087956737,0.1052628189460215,3
ma2020,999,9.166666666666666,1.0,1.0,0.0,0.0,0.0,0.0,4.778560066364791,4.213574383530113,0.0,0.0,0.0,0.0,3
stieger2021,99,6.333333333333333,1.0,1.0,0.0,0.0,0.0,0.0,4.145124656160514,3.616196187012244,-0.181180870746006,-0.0282978223730223,0.2927384126061361,0.1742477767205572,3
stieger2021,199,6.333333333333333,1.0,1.0,0.0,0.0,0.0,0.0,4.1300390242256215,3.6077417636300866,-0.1962665026808981,-0.0367522457551791,0.2489080629979956,0.1180567404029506,3
stieger2021,499,6.333333333333333,1.0,1.0,0.0,0.0,0.0,0.0,4.271933528361893,3.6438042867136295,-0.0543719985446276,-0.0006897226716364,0.116175566613605,0.0842894090528581,3
stieger2021,999,6.333333333333333,1.0,1.0,0.0,0.0,0.0,0.0,4.326305526906521,3.644494009385266,0.0,0.0,0.0,0.0,3
kumar2024,99,3.5,1.0,1.0,0.0,0.0,0.0,0.0,4.241365081133485,3.20112716880381,-0.2921367186701655,-0.05790515705165316,0.30614355928479103,0.21650014450143293,3
kumar2024,199,3.555555555555556,0.9888888888888889,0.9444444444444445,0.05555555555555555,0.05555555555555555,0.05555555555555555,0.0,4.3962440770325175,3.220022177226996,-0.13725772277113188,-0.039010148628467946,0.2073844780825789,0.12717898060969934,3
kumar2024,499,3.5,1.0,1.0,0.0,0.0,0.0,0.0,4.488497158039434,3.238897394606418,-0.04500464176421626,-0.020134931249045755,0.1126004830947789,0.05555325993223659,3
kumar2024,999,3.5,1.0,1.0,0.0,0.0,0.0,0.0,4.53350179980365,3.2590323258554634,0.0,0.0,0.0,0.0,3
