dataset,budget,n_subjects,n_seed_sample_cases,n_component_coordinates,n_contrast_coordinates,minimum_jaccard_vs_999,changed_set_cases_vs_999,maximum_absolute_size_change_vs_999,raw_component_se_min,raw_component_se_max,raw_component_se_nonfinite_count,raw_component_se_floor_count,raw_contrast_se_min,raw_contrast_se_max,raw_contrast_se_nonfinite_count,raw_contrast_se_floor_count
ma2020,99,3,18,252,3276,0.9,3,1,0.4600111340047279,11.37430219106539,0,0,0.6753229414408616,13.729745205469843,0,0
ma2020,199,3,18,252,3276,0.9,1,1,0.5269865417889464,11.724947509564778,0,0,0.6596469754130583,14.002236844208776,0,0
ma2020,499,3,18,252,3276,1.0,0,0,0.5746572314297087,11.256440391813502,0,0,0.712516217091476,13.270727956918629,0,0
ma2020,999,3,18,252,3276,1.0,0,0,0.5646166677154479,11.287011839045626,0,0,0.7368920383583999,13.30752385674722,0,0
stieger2021,99,3,18,156,1260,1.0,0,0,0.3636431839230183,287.84637552029153,0,0,0.3237863641029724,556.1442144874833,0,0
stieger2021,199,3,18,156,1260,1.0,0,0,0.3417639669210593,280.59086983565396,0,0,0.3286232258395611,543.2849186148652,0,0
stieger2021,499,3,18,156,1260,1.0,0,0,0.3349782407176785,277.2839219676382,0,0,0.3477218607176406,545.354997002848,0,0
stieger2021,999,3,18,156,1260,1.0,0,0,0.3297396386901221,278.73049060552864,0,0,0.3539319241330928,546.6572196314625,0,0
kumar2024,99,3,18,90,360,1.0,0,0,0.16760579388373018,1.492759200557211,0,0,0.19822522146437885,1.4846197154558853,0,0
kumar2024,199,3,18,90,360,0.8,1,1,0.16966002650669784,1.430473307517368,0,0,0.20267989371699083,1.3959326837349515,0,0
kumar2024,499,3,18,90,360,1.0,0,0,0.1760014275630294,1.457395227306779,0,0,0.19650124542706737,1.3890999315833856,0,0
kumar2024,999,3,18,90,360,1.0,0,0,0.1812726334366664,1.4308059704166534,0,0,0.19999577698247106,1.3604261014165264,0,0
