dataset,subject,budget,pairwise_seed_jaccard,pairwise_seed_exact,set_size_seed_sd,set_size_seed_range,q_component_seed_sd,q_contrast_seed_sd
ma2020,1,99,1.0,1.0,0.0,0.0,0.2975289492135131,0.2501003827400629
ma2020,1,199,1.0,1.0,0.0,0.0,0.2363507383554687,0.1646303100141638
ma2020,1,499,1.0,1.0,0.0,0.0,0.1519239862277368,0.0810757947016197
ma2020,1,999,1.0,1.0,0.0,0.0,0.1566117501991993,0.137560165518214
ma2020,2,99,0.9666666666666666,0.6666666666666666,0.2886751345948128,0.5,0.295677619988676,0.1385675812791839
ma2020,2,199,0.9666666666666666,0.6666666666666666,0.2886751345948128,0.5,0.1512482389123454,0.1659456946175525
ma2020,2,499,1.0,1.0,0.0,0.0,0.1649597679165449,0.0934457730370948
ma2020,2,999,1.0,1.0,0.0,0.0,0.1170963198858353,0.0491656716133004
ma2020,3,99,0.9523809523809524,0.3333333333333333,0.5773502691896257,1.0,0.2111648752514582,0.3220245240627578
ma2020,3,199,1.0,1.0,0.0,0.0,0.1204257527964591,0.2557402237963565
ma2020,3,499,1.0,1.0,0.0,0.0,0.1005373020159521,0.1466879875299502
ma2020,3,999,1.0,1.0,0.0,0.0,0.1303249634411385,0.0912302996780651
stieger2021,1,99,1.0,1.0,0.0,0.0,0.2568967740322362,0.2205912077130941
stieger2021,1,199,1.0,1.0,0.0,0.0,0.2814913853754364,0.1159924788854708
stieger2021,1,499,1.0,1.0,0.0,0.0,0.1407635731333614,0.0853147188738649
stieger2021,1,999,1.0,1.0,0.0,0.0,0.0438835859944437,0.0453004805100731
stieger2021,2,99,1.0,1.0,0.0,0.0,0.1166836049010512,0.1932120322109974
stieger2021,2,199,1.0,1.0,0.0,0.0,0.1908093293601571,0.1773191549954725
stieger2021,2,499,1.0,1.0,0.0,0.0,0.0974776216037792,0.127338376918102
stieger2021,2,999,1.0,1.0,0.0,0.0,0.0848667515155012,0.0659991770518304
stieger2021,3,99,1.0,1.0,0.0,0.0,0.486107484452339,0.2305117515785379
stieger2021,3,199,1.0,1.0,0.0,0.0,0.2210152254485312,0.1422455215188379
stieger2021,3,499,1.0,1.0,0.0,0.0,0.1013755040058839,0.1280784898359286
stieger2021,3,999,1.0,1.0,0.0,0.0,0.0668662954973387,0.0647958153405282
kumar2024,1,99,1.0,1.0,0.0,0.0,0.2007358520525616,0.2512872714967985
kumar2024,1,199,1.0,1.0,0.0,0.0,0.1746043255312118,0.2244601799059377
kumar2024,1,499,1.0,1.0,0.0,0.0,0.16629996163856992,0.0938318431132939
kumar2024,1,999,1.0,1.0,0.0,0.0,0.06163270022043051,0.09790519042208207
kumar2024,2,99,1.0,1.0,0.0,0.0,0.2313249800367969,0.17935778466677196
kumar2024,2,199,1.0,1.0,0.0,0.0,0.25820543952973685,0.06731978033804586
kumar2024,2,499,1.0,1.0,0.0,0.0,0.13647827892406364,0.10644440675214274
kumar2024,2,999,1.0,1.0,0.0,0.0,0.03224042091248868,0.11227068444708686
kumar2024,3,99,1.0,1.0,0.0,0.0,0.10082370999245617,0.22913711073598114
kumar2024,3,199,0.9333333333333333,0.6666666666666666,0.2886751345948129,0.5,0.13914938866832954,0.13808620208842598
kumar2024,3,499,1.0,1.0,0.0,0.0,0.08501527447877782,0.1000217568155968
kumar2024,3,999,1.0,1.0,0.0,0.0,0.03990034302205701,0.0616729184859212
