dataset,budget,pairwise_seed_jaccard,pairwise_seed_exact,set_size_seed_sd,set_size_seed_range,q_component_seed_sd,q_contrast_seed_sd,n_subjects
ma2020,99,0.973015873015873,0.6666666666666666,0.2886751345948128,0.5,0.2681238148178824,0.2368974960273349,3
ma2020,199,0.9888888888888888,0.8888888888888888,0.0962250448649376,0.1666666666666666,0.1693415766880911,0.1954387428093576,3
ma2020,499,1.0,1.0,0.0,0.0,0.1391403520534113,0.1070698517562215,3
ma2020,999,1.0,1.0,0.0,0.0,0.1346776778420577,0.0926520456031932,3
stieger2021,99,1.0,1.0,0.0,0.0,0.2865626211285421,0.2147716638342098,3
stieger2021,199,1.0,1.0,0.0,0.0,0.2311053133947082,0.1451857184665937,3
stieger2021,499,1.0,1.0,0.0,0.0,0.1132055662476748,0.1135771952092985,3
stieger2021,999,1.0,1.0,0.0,0.0,0.0652055443357612,0.0586984909674772,3
kumar2024,99,1.0,1.0,0.0,0.0,0.17762818069393824,0.2199273889665172,3
kumar2024,199,0.9777777777777779,0.8888888888888888,0.09622504486493764,0.16666666666666666,0.19065305124309273,0.14328872077746985,3
kumar2024,499,1.0,1.0,0.0,0.0,0.1292645050138038,0.10009933556034449,3
kumar2024,999,1.0,1.0,0.0,0.0,0.0445911547183254,0.09061626445169672,3
