dataset,subject,budget,set_size,jaccard_vs_999,same_members_vs_999,size_change_vs_999,absolute_size_change_vs_999,members_added_vs_999,members_removed_vs_999,q_component,q_contrast,q_component_change_vs_999,q_contrast_change_vs_999,q_component_abs_change_vs_999,q_contrast_abs_change_vs_999
ma2020,1,99,4.0,1.0,1.0,0.0,0.0,0.0,0.0,3.679479396463587,3.617239326078989,-0.3185579812794156,-0.1936312850003842,0.3319460808449945,0.288502704297042
ma2020,1,199,4.0,1.0,1.0,0.0,0.0,0.0,0.0,3.788697845494799,3.601207293248823,-0.2093395322482039,-0.2096633178305507,0.2347661475668785,0.2097174838671486
ma2020,1,499,4.0,1.0,1.0,0.0,0.0,0.0,0.0,3.912002891796823,3.735153596199313,-0.0860344859461805,-0.0757170148800606,0.1051355444086257,0.1218925602635039
ma2020,1,999,4.0,1.0,1.0,0.0,0.0,0.0,0.0,3.998037377743003,3.8108706110793737,0.0,0.0,0.0,0.0
ma2020,2,99,9.833333333333334,0.9833333333333334,0.8333333333333334,-0.1666666666666666,0.1666666666666666,0.0,0.1666666666666666,4.50869291752123,3.78706957396114,-0.1617005043685934,-0.1999609238687595,0.3846154334315184,0.219449657632845
ma2020,2,199,9.833333333333334,0.9833333333333334,0.8333333333333334,-0.1666666666666666,0.1666666666666666,0.0,0.1666666666666666,4.593263424076354,3.945011523650188,-0.0771299978134683,-0.0420189741797117,0.1871043993473038,0.1487686895078487
ma2020,2,499,10.0,1.0,1.0,0.0,0.0,0.0,0.0,4.6124197109913,3.9698984205351366,-0.0579737108985223,-0.0171320772947627,0.0889723978140814,0.0639110828888524
ma2020,2,999,10.0,1.0,1.0,0.0,0.0,0.0,0.0,4.670393421889822,3.9870304978298994,0.0,0.0,0.0,0.0
ma2020,3,99,13.5,0.9761904761904764,0.6666666666666666,0.0,0.3333333333333333,0.1666666666666666,0.1666666666666666,5.3203053707243555,4.578131103234686,-0.3469440287371904,-0.264690938446379,0.3529710107149991,0.3453242826206823
ma2020,3,199,13.5,1.0,1.0,0.0,0.0,0.0,0.0,5.372645703941033,4.730232994618312,-0.2946036955205124,-0.1125890470627519,0.2946036955205124,0.1893220211357286
ma2020,3,499,13.5,1.0,1.0,0.0,0.0,0.0,0.0,5.577797384995141,4.779352839163852,-0.089452014466404,-0.0634692025172124,0.1094950841643139,0.1299848136857083
ma2020,3,999,13.5,1.0,1.0,0.0,0.0,0.0,0.0,5.667249399461546,4.842822041681065,0.0,0.0,0.0,0.0
stieger2021,1,99,7.0,1.0,1.0,0.0,0.0,0.0,0.0,3.6529019308280866,3.5297319577487944,-0.2138192389385555,-0.1018937559229105,0.2251345015042604,0.1853047871516356
stieger2021,1,199,7.0,1.0,1.0,0.0,0.0,0.0,0.0,3.6514159068193055,3.5679638018990167,-0.2153052629473366,-0.0636619117726882,0.2479062339244633,0.1043839376843767
stieger2021,1,499,7.0,1.0,1.0,0.0,0.0,0.0,0.0,3.790706391175259,3.62300560352422,-0.0760147785913822,-0.008620110147485,0.1090310047365595,0.0568759971267183
stieger2021,1,999,7.0,1.0,1.0,0.0,0.0,0.0,0.0,3.8667211697666417,3.631625713671705,0.0,0.0,0.0,0.0
stieger2021,2,99,7.0,1.0,1.0,0.0,0.0,0.0,0.0,4.967751842878239,3.9220842521747,-0.2105641690866286,-0.0294708868142391,0.2685626454040288,0.1469581293990612
stieger2021,2,199,7.0,1.0,1.0,0.0,0.0,0.0,0.0,4.903851365069856,3.877974987191442,-0.2744646468950115,-0.0735801517974971,0.2849297071364852,0.1299290124738722
stieger2021,2,499,7.0,1.0,1.0,0.0,0.0,0.0,0.0,5.020082403607732,3.8816104532282503,-0.1582336083571364,-0.0699446857606893,0.1582336083571364,0.0997950982317135
stieger2021,2,999,7.0,1.0,1.0,0.0,0.0,0.0,0.0,5.178316011964868,3.951555138988939,0.0,0.0,0.0,0.0
stieger2021,3,99,5.0,1.0,1.0,0.0,0.0,0.0,0.0,3.814720194775217,3.396772351113236,-0.1191592042128342,0.0464711756180825,0.3845180909101191,0.1904804136109747
stieger2021,3,199,5.0,1.0,1.0,0.0,0.0,0.0,0.0,3.8348498007877048,3.3772865017998015,-0.0990295982003463,0.0269853263046477,0.2138882479330384,0.1198572710506028
stieger2021,3,499,5.0,1.0,1.0,0.0,0.0,0.0,0.0,4.005011790302688,3.426796803388419,0.0711323913146358,0.076495627893265,0.0812620867471192,0.0961971318001426
stieger2021,3,999,5.0,1.0,1.0,0.0,0.0,0.0,0.0,3.933879398988051,3.350301175495154,0.0,0.0,0.0,0.0
kumar2024,1,99,4.5,1.0,1.0,0.0,0.0,0.0,0.0,4.625327248742978,3.5120338923178367,-0.3018868336600966,-0.10012151352322658,0.3439073555039734,0.28347431908167087
kumar2024,1,199,4.5,1.0,1.0,0.0,0.0,0.0,0.0,4.7290882088334945,3.5120987035965427,-0.1981258735695793,-0.10005670224452061,0.24136954927870033,0.18119266282417365
kumar2024,1,499,4.5,1.0,1.0,0.0,0.0,0.0,0.0,4.8683908046448225,3.571750672093844,-0.0588232777582515,-0.04040473374721961,0.15431204844897772,0.0706189745337565
kumar2024,1,999,4.5,1.0,1.0,0.0,0.0,0.0,0.0,4.927214082403075,3.6121554058410634,0.0,0.0,0.0,0.0
kumar2024,2,99,2.0,1.0,1.0,0.0,0.0,0.0,0.0,3.893475013159526,2.997296685159059,-0.281903198216887,-0.10171747010186571,0.281903198216887,0.21536894357042957
kumar2024,2,199,2.0,1.0,1.0,0.0,0.0,0.0,0.0,4.128503516414521,3.0776109039887554,-0.04687469496189256,-0.021403251272169205,0.21401128518711268,0.1318411950043623
kumar2024,2,499,2.0,1.0,1.0,0.0,0.0,0.0,0.0,4.180492796414432,3.111001425865819,0.005114585038018686,0.011987270604894832,0.0896691010606141,0.05720682210081285
kumar2024,2,999,2.0,1.0,1.0,0.0,0.0,0.0,0.0,4.1753782113764135,3.0990141552609245,0.0,0.0,0.0,0.0
kumar2024,3,99,4.0,1.0,1.0,0.0,0.0,0.0,0.0,4.20529298149795,3.094050928934536,-0.29262012413351285,0.02812351247013282,0.29262012413351285,0.15065717085219835
kumar2024,3,199,4.166666666666667,0.9666666666666667,0.8333333333333334,0.16666666666666666,0.16666666666666666,0.16666666666666666,0.0,4.331140505849539,3.070356924095689,-0.16677259978192374,0.004429507631285985,0.16677259978192374,0.06850308400056204
kumar2024,3,499,4.0,1.0,1.0,0.0,0.0,0.0,0.0,4.416607873059046,3.033940085859591,-0.08130523257241595,-0.03198733060481248,0.09382029977474489,0.03883398316214041
kumar2024,3,999,4.0,1.0,1.0,0.0,0.0,0.0,0.0,4.497913105631462,3.0659274164644033,0.0,0.0,0.0,0.0
