path,bytes,sha256
results/README.md,1182,ca91850793e2065e04f24fd9e84a1815aba8bec4a377d34ef8c8ef49059be979
results/eeg/bnci2014_004/downstream_by_subject.csv,12581,a5b05a3b92d739d00b57628a0bef3b0f7c5fb57584df9749029058c13e2c8c15
results/eeg/bnci2014_004/downstream_summary.csv,1508,43dfaf568a9d414d8f01912961295e95aa9f55bc5745c930abe189d96f31bcb8
results/eeg/bnci2014_004/screening_by_subject.csv,1663,14eb66218f30792fc129d82398700791afa6bcfeb4056fc368f9bc2b81216687
results/eeg/bnci2014_004/screening_summary.csv,273,03ef0c02c284c844c8e02e1ee8831731d06838d492a4b554957d99cbeae0ab00
results/eeg/empirical_reference/block_bootstrap_manifest.json,1461,7785d36ee4aaf8959f9b6b9c8756890c925debe08a47ccbe53b703570c4d1000
results/eeg/empirical_reference/block_downstream_summary.csv,755,fe308319a6ba53bcdede79d6e13b56aa9af16652b255ba7ace7d450bd8c33427
results/eeg/empirical_reference/block_screening_summary.csv,625,6e73eb50f720ae9102699d34d36b1e26e5fae37189683ae10bd2c907bb2f8ceb
results/eeg/empirical_reference/bnci_empirical_audit_by_subject.csv,722,e782444812a3b0668955b10a767ca4127dbbaad04090f70e94f049a5294b8dac
results/eeg/empirical_reference/bootstrap_sensitivity_summary.csv,158,637dea6455324dd4aad72705c60afee4b701376f656424704a64c5b67b2b8df8
results/eeg/empirical_reference/empirical_audit_by_subject.csv,1590,17266441a663f5627532633c8e810ff39850514fd5a240ae40093efaa268edf1
results/eeg/empirical_reference/manifest.json,1150,85989f82b84fe330edbe66290ec2f9460d8a28053561468f31d9083deb28f7b4
results/eeg/ma2020/downstream_by_subject.csv,3297,637b5c6d7ff02313e6876cb37d3ae37179554fb9d6ca712d44bd9844495be3d2
results/eeg/ma2020/downstream_summary.csv,338,d5d474145389f61a08728dd9b27eb0f05f9341c0c224d060055ee2891a448c50
results/eeg/ma2020/screening_by_subject.csv,478,e01c47b7f0330d695bad0b180464df58b4877b94830821659fa02c8f1c787c16
results/eeg/ma2020/screening_summary.csv,306,1c8e8628d604c105a3811a35bc0cd91f93bb22308f68fccbab6e42689e847882
results/eeg/noninferiority/manifest.json,990,48f1d93525b07da4701b1d5ebe95abcda1e51d9132b758361d08ac74037641a6
results/eeg/noninferiority/margin_sensitivity.csv,1399,df615891375dbf4fe9c2e63ead744367255fd2ba5e4bb9e7f6c9780c9b91017c
results/eeg/noninferiority/summary.json,1107,0859483df2a8ddefe7a4bdf6c0f3854b74b756e5e603cc5a8411321208a51b60
results/eeg/rolling_origin/downstream_by_subject.csv,62335,a4165b6aba975302a938201b7843db9d5f73940d00ea5b6d6df34d5ed52d090a
results/eeg/rolling_origin/manuscript_summary.csv,528,169a5786977aef6358e5690930d73e327ea5968779b32f15d72a17d0cbf4c4dc
results/eeg/rolling_origin/screening_by_subject.csv,20753,054ede97f2e39474c4969b6eb859d86fe88299b59f94c09348edab19d8a9b356
results/eeg/rolling_origin/stability_summary.csv,338,847d7d2bb29937202ea8557fef3112446389a187d183c72dc6a774cc7d2c1f1e
results/eeg/stieger2021/downstream_by_subject.csv,8861,845602afeedea05f9579b222e6ba2bfa72f682f28c35d1a9344173b5ff53d49b
results/eeg/stieger2021/downstream_summary.csv,389,a165f31233ea673f7b159c17d30ba4b23fe2f0bf0c52d4e90dd4c622dca55dd8
results/eeg/stieger2021/screening_by_subject.csv,1086,2bf6c18b0790bc6c78017759fe7597cac46bda01c1f2a03f6ea47b1f4633f2f8
results/eeg/stieger2021/screening_summary.csv,355,4fca3e5662169b61aff99b21ad47f6359030081ae3685a8ce330e7c584f4031c
results/eeg/zhou2020/downstream_by_subject.csv,14123,d06336d314ea7445cd16e28d5de53d12539edad3da34382dd4a616278c12db0f
results/eeg/zhou2020/downstream_summary.csv,679,9b4b4f865fac56f5f760e03e98e5e3aa2d912102f3f33a3687a004183dd35869
results/eeg/zhou2020/manuscript_summary.csv,329,fade974a7cdb84569de20911571e488d66164d24ffb3490e260f38498f71ef68
results/eeg/zhou2020/screening_by_subject.csv,1469,ee186991611fd3fd4f3f46db4fb9c2c2b2505da2b63d3ecd2b2766169de4a474
results/eeg/zhou2020/screening_summary.csv,231,f152db2942ebbec2b37ba99655f90b4e57ea4509280bf74ca951ba0951d6b30d
results/figure_data/eeg_overview.csv,629,7ed9e638644d890939763349e5169ae1294efaa2e4b7e7767f6c0e87bb9b7484
results/simulations/extended_baselines_manifest.json,851,2600267f0634db61114c389840bf40798288f47d76a86a81308d254ad2fd9e29
results/simulations/extended_baselines_summary.csv,1481,78f450e2bee974221e91a142c24ee8def4a5330337b117b0b176bb41d8c36f73
results/simulations/protocol_audit_summary.csv,2939,5fde25a544bc8617fb706dc06b55dbbf67975555c089920d5dbeb8cf59b487d1
results/simulations/protocol_manifest.json,5155,9952eb5a8b00129647e33b70bfe3f7a4b603b58981266e6792345829284c308c
results/simulations/protocol_metric_summary.csv,6993,e6b7970d8d9d86c9aca59257bdc700693306eb8a703d4785de9756305832878b
results/simulations/protocol_top1_summary.csv,3711,610987e062cb352d377e3984e79b919295ac81157c9767a184c882c981681863
results/simulations/straddle_manifest.json,793,a37fe32b625592ed9cd17d0619ffd79e1e0d3739e04e51fde0b3598b1a73a12e
results/simulations/straddle_summary.csv,342,f461edf18398e39bac36e4ff9c1aa8e5adebcf79d6636038a78e26e21a9685d4
results/simulations/target_limited_audit_summary.csv,1365,122b85f2ba32768a643a3f69e6a5aceed83c2c2c4dd03ac43a8af89be07ff89d
results/simulations/target_limited_metric_summary.csv,5073,48da1995c514478f4324bf30bd8cd746dfc886da545efe50cd93777979385682
