dataset,subject,method,mean_set_size,mean_training_trials,mean_balanced_accuracy,sd_balanced_accuracy_across_splits,accuracy_diff_vs_all,accuracy_diff_vs_refinement
stieger2021,1,all_sources,10.0,1500.0,0.8261616880037933,0.03901012537670819,0.0,0.01720009483167384
stieger2021,1,mcs_style,7.1,1065.0,0.8073376007586535,0.03317907129550923,-0.018824087245139842,-0.0016239924134660022
stieger2021,1,range_midpoint,7.133333333333334,1070.0,0.8094238975817923,0.03052074660249502,-0.016737790422000964,0.00046230440967287567
stieger2021,1,refinement,7.033333333333333,1055.0,0.8089615931721195,0.030331276201218563,-0.01720009483167384,0.0
stieger2021,1,top_m_ref,7.033333333333333,1055.0,0.8088786154575628,0.031052959987324637,-0.017283072546230516,-8.297771455667569e-05
stieger2021,2,all_sources,10.0,1500.0,0.8216690374585112,0.029525994696401454,0.0,0.010502607871028968
stieger2021,2,mcs_style,6.966666666666667,1045.0,0.810289236605026,0.036494817648772285,-0.011379800853485111,-0.0008771929824561431
stieger2021,2,range_midpoint,8.0,1200.0,0.8015765765765767,0.037415804654097946,-0.020092460881934504,-0.009589853010905536
stieger2021,2,refinement,6.966666666666667,1045.0,0.8111664295874822,0.03482698255954819,-0.010502607871028968,0.0
stieger2021,2,top_m_ref,6.966666666666667,1045.0,0.8111664295874822,0.03482698255954819,-0.010502607871028968,0.0
stieger2021,3,all_sources,6.0,900.0,0.6256164058795638,0.03143095129942678,0.0,-0.04058795637743007
stieger2021,3,mcs_style,4.733333333333333,710.0,0.6570886676149834,0.044088809573427964,0.031472261735419615,-0.009115694642010452
stieger2021,3,range_midpoint,5.0,750.0,0.6648411569464201,0.03045486185732538,0.0392247510668563,-0.0013632053105737674
stieger2021,3,refinement,4.966666666666667,745.0,0.6662043622569939,0.03150783237875945,0.04058795637743007,0.0
stieger2021,3,top_m_ref,4.966666666666667,745.0,0.6648293029871977,0.030453575500597463,0.03921289710763387,-0.0013750592697961972
stieger2021,4,all_sources,10.0,1500.0,0.7154457088667615,0.031920429939750375,0.0,0.01308677098150779
stieger2021,4,mcs_style,1.0,150.0,0.7066145092460883,0.023792849132127487,-0.008831199620673247,0.0042555713608345425
stieger2021,4,range_midpoint,9.0,1350.0,0.7143314366998578,0.029942572325261888,-0.0011142721669037403,0.011972498814604049
stieger2021,4,refinement,2.066666666666667,310.0,0.7023589378852537,0.03525688155261773,-0.01308677098150779,0.0
stieger2021,4,top_m_ref,2.066666666666667,310.0,0.7057136083451873,0.030754234046204167,-0.00973210052157425,0.0033546704599335397
stieger2021,5,all_sources,6.0,900.0,0.8655168326220958,0.027557362968021276,0.0,-0.0005452821242295514
stieger2021,5,mcs_style,1.0,150.0,0.86558795637743,0.03242578989566034,7.112375533424586e-05,-0.0004741583688953055
stieger2021,5,range_midpoint,3.2666666666666666,490.0,0.8617472735893789,0.02822168115505955,-0.003769559032716918,-0.0043148411569464695
stieger2021,5,refinement,1.0666666666666667,160.0,0.8660621147463253,0.03310009071029911,0.0005452821242295514,0.0
stieger2021,5,top_m_ref,1.0666666666666667,160.0,0.865647226173542,0.03145670779758168,0.00013039355144617293,-0.00041488857278337843
stieger2021,6,all_sources,6.0,900.0,0.5253793266951161,0.0182630675553167,0.0,0.0
stieger2021,6,mcs_style,6.0,900.0,0.5253793266951161,0.0182630675553167,0.0,0.0
stieger2021,6,range_midpoint,4.266666666666667,640.0,0.5240516832622096,0.01283747719794447,-0.001327643432906478,-0.001327643432906478
stieger2021,6,refinement,6.0,900.0,0.5253793266951161,0.0182630675553167,0.0,0.0
stieger2021,6,top_m_ref,6.0,900.0,0.5253793266951161,0.0182630675553167,0.0,0.0
stieger2021,7,all_sources,10.0,1500.0,0.4920222854433381,0.026085048042930093,0.0,-0.007977714556661908
stieger2021,7,mcs_style,1.0,150.0,0.5,0.0,0.007977714556661908,0.0
stieger2021,7,range_midpoint,9.0,1350.0,0.5428757705073495,0.03566041717942401,0.05085348506401138,0.042875770507349475
stieger2021,7,refinement,1.0,150.0,0.5,0.0,0.007977714556661908,0.0
stieger2021,7,top_m_ref,1.0,150.0,0.5,0.0,0.007977714556661908,0.0
stieger2021,8,all_sources,10.0,1500.0,0.8006401137980086,0.03395671020545684,0.0,-0.008368895211000371
stieger2021,8,mcs_style,1.0,150.0,0.9480440967283073,0.01492206979096214,0.14740398293029866,0.1390350877192983
stieger2021,8,range_midpoint,9.0,1350.0,0.798814604077762,0.041877498250445136,-0.001825509720246643,-0.010194404931247014
stieger2021,8,refinement,2.3333333333333335,350.0,0.809009009009009,0.09543312991363921,0.008368895211000371,0.0
stieger2021,8,top_m_ref,2.3333333333333335,350.0,0.8461474632527265,0.07057691155348059,0.045507349454717905,0.037138454243717534
stieger2021,9,all_sources,10.0,1500.0,0.6080606922712185,0.03165933340107381,0.0,-0.08176861071597918
stieger2021,9,mcs_style,3.566666666666667,535.0,0.7474988146040779,0.03609202656434973,0.13943812233285935,0.057669511616880165
stieger2021,9,range_midpoint,9.0,1350.0,0.6352299668089142,0.032546931537792145,0.027169274537695687,-0.0545993361782835
stieger2021,9,refinement,5.5,825.0,0.6898293029871977,0.04014321773966849,0.08176861071597918,0.0
stieger2021,9,top_m_ref,5.5,825.0,0.7433143669985774,0.03535259949345278,0.13525367472735894,0.05348506401137976
stieger2021,10,all_sources,10.0,1500.0,0.696325272641062,0.041166795913672546,0.0,0.02930298719772395
stieger2021,10,mcs_style,4.033333333333333,605.0,0.6661569464201043,0.03203424701878845,-0.030168326220957775,-0.0008653390232338243
stieger2021,10,range_midpoint,8.0,1200.0,0.6892840208629682,0.04113564032191305,-0.007041251778093782,0.02226173541963017
stieger2021,10,refinement,4.033333333333333,605.0,0.6670222854433381,0.03130675909335048,-0.02930298719772395,0.0
stieger2021,10,top_m_ref,4.033333333333333,605.0,0.6670222854433381,0.03130675909335048,-0.02930298719772395,0.0
stieger2021,11,all_sources,10.0,1500.0,0.704954954954955,0.035380951110983196,0.0,0.036356092935040385
stieger2021,11,mcs_style,4.566666666666666,685.0,0.6737434803224277,0.10848853829023676,-0.03121147463252727,0.005144618302513115
stieger2021,11,range_midpoint,8.0,1200.0,0.6809151256519678,0.030331640426775115,-0.024039829302987203,0.012316263632053182
stieger2021,11,refinement,4.633333333333334,695.0,0.6685988620199146,0.06611715591716218,-0.036356092935040385,0.0
stieger2021,11,top_m_ref,4.633333333333334,695.0,0.6346017069701281,0.043315753327831504,-0.0703532479848269,-0.03399715504978651
stieger2021,12,all_sources,10.0,1500.0,0.5652916073968706,0.033293997331496156,0.0,0.012529634898055919
stieger2021,12,mcs_style,2.1666666666666665,325.0,0.5210881934566145,0.04555331068621175,-0.044203413940256064,-0.031673779042200145
stieger2021,12,range_midpoint,9.0,1350.0,0.5972617354196302,0.03497601359745063,0.03197012802275967,0.04449976292081559
stieger2021,12,refinement,4.8,720.0,0.5527619724988146,0.040679975604313606,-0.012529634898055919,0.0
stieger2021,12,top_m_ref,4.8,720.0,0.5666666666666667,0.04283293747270625,0.0013750592697960862,0.013904694167852005
stieger2021,13,all_sources,10.0,1500.0,0.6526434329065908,0.04456836611657573,0.0,-0.018776671408250345
stieger2021,13,mcs_style,2.0,300.0,0.6112849691797061,0.03788045827564927,-0.041358463726884676,-0.06013513513513502
stieger2021,13,range_midpoint,9.0,1350.0,0.677678994784258,0.04618433689088482,0.0250355618776672,0.006258890469416856
stieger2021,13,refinement,4.233333333333333,635.0,0.6714201043148411,0.04014854942361552,0.018776671408250345,0.0
stieger2021,13,top_m_ref,4.233333333333333,635.0,0.6443456614509245,0.04380077231816749,-0.008297771455666236,-0.02707444286391658
stieger2021,14,all_sources,10.0,1500.0,0.6439070649596965,0.03795985489850802,0.0,0.03417496443812229
stieger2021,14,mcs_style,1.0,150.0,0.6469772403982931,0.024245498288108413,0.0030701754385965563,0.03724513987671885
stieger2021,14,range_midpoint,5.0,750.0,0.6381816026552869,0.04109053418833109,-0.005725462304409623,0.028449502133712667
stieger2021,14,refinement,2.1333333333333333,320.0,0.6097321005215742,0.030521508628026623,-0.03417496443812229,0.0
stieger2021,14,top_m_ref,2.1333333333333333,320.0,0.6097321005215742,0.030521508628026623,-0.03417496443812229,0.0
stieger2021,15,all_sources,10.0,1500.0,0.6869013750592697,0.03646935091398062,0.0,-0.02969416785206258
stieger2021,15,mcs_style,5.733333333333333,860.0,0.7213845424371741,0.037219278760858045,0.034483167377904356,0.004788999525841775
stieger2021,15,range_midpoint,9.0,1350.0,0.7110834518729255,0.035673377385394375,0.024182076813655806,-0.0055120910384067745
stieger2021,15,refinement,6.866666666666666,1030.0,0.7165955429113323,0.028869456081685712,0.02969416785206258,0.0
stieger2021,15,top_m_ref,6.866666666666666,1030.0,0.7457799905168325,0.03510767644120793,0.05887861545756279,0.029184447605500208
stieger2021,16,all_sources,10.0,1500.0,0.638466097676624,0.03593303192881624,0.0,0.042294926505452746
stieger2021,16,mcs_style,2.433333333333333,365.0,0.5844001896633475,0.04729783513267955,-0.05406590801327649,-0.011770981507823741
stieger2021,16,range_midpoint,9.0,1350.0,0.6390113798008535,0.03267923120663029,0.0005452821242295514,0.0428402086296823
stieger2021,16,refinement,5.866666666666666,880.0,0.5961711711711712,0.03913508275439036,-0.042294926505452746,0.0
stieger2021,16,top_m_ref,5.866666666666666,880.0,0.5805832147937411,0.03679504603360504,-0.0578828828828829,-0.015587956377430157
stieger2021,17,all_sources,10.0,1500.0,0.7590801327643433,0.037723545125020075,0.0,0.0013039355144617293
stieger2021,17,mcs_style,4.533333333333333,680.0,0.7332029397818871,0.037755778051204794,-0.025877192982456165,-0.024573257467994436
stieger2021,17,range_midpoint,9.0,1350.0,0.7670341394025605,0.03932856827270931,0.007954006638217215,0.009257942152678944
stieger2021,17,refinement,8.066666666666666,1210.0,0.7577761972498815,0.032795970921171515,-0.0013039355144617293,0.0
stieger2021,17,top_m_ref,8.066666666666666,1210.0,0.7652560455192035,0.037779409979860644,0.00617591275486018,0.007479848269321909
stieger2021,18,all_sources,10.0,1500.0,0.49467757230915127,0.037374289439859834,0.0,-0.014426268373636753
stieger2021,18,mcs_style,4.4,660.0,0.5179943100995732,0.038365202923195244,0.023316737790421926,0.008890469416785174
stieger2021,18,range_midpoint,3.933333333333333,590.0,0.5059269796111902,0.031064003058657367,0.011249407302038883,-0.0031768610715978696
stieger2021,18,refinement,6.133333333333334,920.0,0.509103840682788,0.046062854898309684,0.014426268373636753,0.0
stieger2021,18,top_m_ref,6.133333333333334,920.0,0.5069108582266477,0.043802498009567536,0.01223328591749645,-0.002192982456140302
stieger2021,19,all_sources,10.0,1500.0,0.8574324324324324,0.0238750658158773,0.0,0.008475580844001795
stieger2021,19,mcs_style,2.2666666666666666,340.0,0.8346254148885728,0.047496858455994335,-0.02280701754385961,-0.014331436699857814
stieger2021,19,range_midpoint,9.0,1350.0,0.8217638691322903,0.024631335584074595,-0.03566856330014212,-0.027192982456140324
stieger2021,19,refinement,3.6,540.0,0.8489568515884306,0.04401714002056886,-0.008475580844001795,0.0
stieger2021,19,top_m_ref,3.6,540.0,0.8489568515884306,0.04401714002056886,-0.008475580844001795,0.0
stieger2021,20,all_sources,6.0,900.0,0.8763987671882408,0.02585870982516939,0.0,-0.023838311996206785
stieger2021,20,mcs_style,1.0,150.0,0.9002370791844476,0.022043366200564945,0.023838311996206785,0.0
stieger2021,20,range_midpoint,3.1333333333333333,470.0,0.8531412991939308,0.04418401213008221,-0.023257467994310055,-0.04709577999051684
stieger2021,20,refinement,1.0,150.0,0.9002370791844476,0.022043366200564945,0.023838311996206785,0.0
stieger2021,20,top_m_ref,1.0,150.0,0.9002370791844476,0.022043366200564945,0.023838311996206785,0.0
stieger2021,21,all_sources,6.0,900.0,0.6727714556661925,0.03204519007741108,0.0,0.0043148411569463585
stieger2021,21,mcs_style,1.8666666666666667,280.0,0.6224869606448553,0.0773191175274679,-0.05028449502133714,-0.04596965386439078
stieger2021,21,range_midpoint,2.3666666666666667,355.0,0.685099573257468,0.04252230822071182,0.0123281175912755,0.01664295874822186
stieger2021,21,refinement,4.0,600.0,0.6684566145092461,0.04360267569796259,-0.0043148411569463585,0.0
stieger2021,21,top_m_ref,4.0,600.0,0.7000474158368896,0.03716839372038097,0.02727596017069711,0.03159080132764347
stieger2021,22,all_sources,6.0,900.0,0.6163703176861072,0.04677450415871614,0.0,0.05048601232811756
stieger2021,22,mcs_style,2.933333333333333,440.0,0.5654220009483167,0.03237343212160123,-0.05094831673779043,-0.00046230440967287567
stieger2021,22,range_midpoint,4.0,600.0,0.5790777619724988,0.033452744456429394,-0.037292555713608344,0.013193456614509214
stieger2021,22,refinement,2.966666666666667,445.0,0.5658843053579896,0.0325248162376638,-0.05048601232811756,0.0
stieger2021,22,top_m_ref,2.966666666666667,445.0,0.5658843053579896,0.0325248162376638,-0.05048601232811756,0.0
stieger2021,23,all_sources,6.0,900.0,0.5594594594594594,0.022048443267784962,0.0,-0.04613560929350413
stieger2021,23,mcs_style,2.7666666666666666,415.0,0.6153982930298719,0.051083320386371686,0.055938833570412516,0.009803224276908384
stieger2021,23,range_midpoint,5.0,750.0,0.5153153153153153,0.009868874910002969,-0.04414414414414414,-0.09027975343764827
stieger2021,23,refinement,3.6333333333333333,545.0,0.6055950687529635,0.05156729631406918,0.04613560929350413,0.0
stieger2021,23,top_m_ref,3.6333333333333333,545.0,0.5668681839734472,0.06194799566820781,0.007408724513987774,-0.03872688477951636
stieger2021,24,all_sources,10.0,1500.0,0.6505689900426742,0.030169848381575114,0.0,0.08255097202465622
stieger2021,24,mcs_style,3.6333333333333333,545.0,0.5671171171171171,0.017559799463023492,-0.08345187292555711,-0.0009009009009008917
stieger2021,24,range_midpoint,8.0,1200.0,0.7640350877192983,0.029648034236436194,0.11346609767662408,0.1960170697012803
stieger2021,24,refinement,4.333333333333333,650.0,0.568018018018018,0.03123837449474115,-0.08255097202465622,0.0
stieger2021,24,top_m_ref,4.333333333333333,650.0,0.6181484115694642,0.06078033881167572,-0.032420578473210004,0.05013039355144622
stieger2021,25,all_sources,10.0,1500.0,0.8332029397818872,0.033400299197520925,0.0,0.02637505926979611
stieger2021,25,mcs_style,8.9,1335.0,0.8278568041725937,0.03984188488273579,-0.005346135609293534,0.021028923660502574
stieger2021,25,range_midpoint,5.266666666666667,790.0,0.8410265528686581,0.04393875902115318,0.00782361308677093,0.03419867235656704
stieger2021,25,refinement,7.933333333333334,1190.0,0.8068278805120911,0.03742733172220638,-0.02637505926979611,0.0
stieger2021,25,top_m_ref,7.933333333333334,1190.0,0.8131104788999526,0.03390223190573829,-0.020092460881934615,0.006282598387861493
stieger2021,26,all_sources,10.0,1500.0,0.7518018018018019,0.03830153453960595,0.0,-0.1061996206733048
stieger2021,26,mcs_style,1.6666666666666667,250.0,0.8081318160265528,0.03686243650836302,0.056330014224750924,-0.04986960644855387
stieger2021,26,range_midpoint,8.333333333333334,1250.0,0.7434329065908013,0.06113881322920699,-0.008368895211000593,-0.11456851588430539
stieger2021,26,refinement,3.7666666666666666,565.0,0.8580014224751067,0.026314488599314373,0.1061996206733048,0.0
stieger2021,26,top_m_ref,3.7666666666666666,565.0,0.8467994310099574,0.035115708004453926,0.09499762920815547,-0.01120199146514933
stieger2021,27,all_sources,10.0,1500.0,0.5598624940730204,0.0454928820581264,0.0,-0.03816974869606449
stieger2021,27,mcs_style,9.3,1395.0,0.5651849217638691,0.05043272392688131,0.0053224276908487855,-0.0328473210052157
stieger2021,27,range_midpoint,4.133333333333334,620.0,0.5624822190611665,0.04629257590055236,0.0026197249881461104,-0.03555002370791838
stieger2021,27,refinement,7.7,1155.0,0.5980322427690848,0.04063136934441664,0.03816974869606449,0.0
stieger2021,27,top_m_ref,7.7,1155.0,0.5905761024182077,0.0461974283237988,0.030713608345187327,-0.007456140350877161
stieger2021,28,all_sources,10.0,1500.0,0.6250592697961118,0.02675789729763504,0.0,0.05152916073968705
stieger2021,28,mcs_style,1.5333333333333334,230.0,0.5973328591749644,0.035878580696220526,-0.027726410621147446,0.023802750118539606
stieger2021,28,range_midpoint,1.4666666666666666,220.0,0.6135016595542911,0.036217660179285634,-0.01155761024182067,0.03997155049786638
stieger2021,28,refinement,2.933333333333333,440.0,0.5735301090564248,0.04431795875918241,-0.05152916073968705,0.0
stieger2021,28,top_m_ref,2.933333333333333,440.0,0.6262091038406828,0.04200252352527837,0.0011498340445710298,0.05267899478425808
stieger2021,29,all_sources,10.0,1500.0,0.8900545282124229,0.030389259989569657,0.0,-0.02278330962541497
stieger2021,29,mcs_style,1.0,150.0,0.9234589853010906,0.020157480110096784,0.03340445708866768,0.010621147463252711
stieger2021,29,range_midpoint,9.0,1350.0,0.8958748221906117,0.02458526081826168,0.005820293978188729,-0.016963015647226243
stieger2021,29,refinement,3.0,450.0,0.9128378378378379,0.0263726254446036,0.02278330962541497,0.0
stieger2021,29,top_m_ref,3.0,450.0,0.8629919393077289,0.031094114616760343,-0.02706258890469404,-0.04984589853010901
stieger2021,30,all_sources,10.0,1500.0,0.8230203888098625,0.028298936526726645,0.0,0.08138928402086298
stieger2021,30,mcs_style,6.5,975.0,0.7708748221906117,0.07606626039061873,-0.05214556661925085,0.029243717401612135
stieger2021,30,range_midpoint,3.533333333333333,530.0,0.7708392603129446,0.09508368213273574,-0.05218112849691792,0.029208155523945067
stieger2021,30,refinement,5.8,870.0,0.7416311047889995,0.0840129545741329,-0.08138928402086298,0.0
stieger2021,30,top_m_ref,5.8,870.0,0.7531294452347085,0.07954243055977805,-0.06989094357515402,0.011498340445708966
stieger2021,31,all_sources,10.0,1500.0,0.6409791370317687,0.03185637457685217,0.0,0.013240872451398933
stieger2021,31,mcs_style,1.0,150.0,0.5390350877192983,0.04540502493433761,-0.10194404931247036,-0.08870317686107143
stieger2021,31,range_midpoint,8.0,1200.0,0.6100284495021336,0.03852921462932164,-0.030950687529635035,-0.017709815078236102
stieger2021,31,refinement,5.166666666666667,775.0,0.6277382645803697,0.0351699350794479,-0.013240872451398933,0.0
stieger2021,31,top_m_ref,5.166666666666667,775.0,0.6070886676149834,0.034131192365826624,-0.03389046941678531,-0.020649596965386374
stieger2021,32,all_sources,10.0,1500.0,0.724656235182551,0.03861065804128476,0.0,0.022321005215741985
stieger2021,32,mcs_style,1.0,150.0,0.7701161688003794,0.026742467321956707,0.04545993361782841,0.06778093883357039
stieger2021,32,range_midpoint,9.0,1350.0,0.7480915125651968,0.042300389270745344,0.023435277382645836,0.04575628259838782
stieger2021,32,refinement,2.3333333333333335,350.0,0.702335229966809,0.054778785568716,-0.022321005215741985,0.0
stieger2021,32,top_m_ref,2.3333333333333335,350.0,0.818018018018018,0.03983422236844412,0.09336178283546703,0.11568278805120902
stieger2021,33,all_sources,10.0,1500.0,0.777430061640588,0.03556491051634656,0.0,-0.0061403508771928905
stieger2021,33,mcs_style,4.0,600.0,0.803117591275486,0.027842534891179473,0.025687529634897954,0.019547178757705064
stieger2021,33,range_midpoint,9.0,1350.0,0.7855263157894737,0.031222653995391654,0.008096254148885706,0.001955903271692816
stieger2021,33,refinement,7.9,1185.0,0.7835704125177809,0.03731077487071856,0.0061403508771928905,0.0
stieger2021,33,top_m_ref,7.9,1185.0,0.775343764817449,0.030843323559561524,-0.002086296823138989,-0.00822664770033188
stieger2021,34,all_sources,10.0,1499.0,0.7254741583688952,0.031711735688295835,0.0,0.03901137980085334
stieger2021,34,mcs_style,6.466666666666667,969.0,0.7098506401137981,0.0371550884244939,-0.015623518255097113,0.023387861545756228
stieger2021,34,range_midpoint,9.0,1349.0,0.7312470365101944,0.03408211997735096,0.005772878141299231,0.04478425794215257
stieger2021,34,refinement,8.166666666666666,1224.0,0.6864627785680418,0.03594332789571267,-0.03901137980085334,0.0
stieger2021,34,top_m_ref,8.166666666666666,1224.0,0.7098032242769086,0.04045282998375252,-0.01567093409198661,0.02334044570886673
stieger2021,35,all_sources,10.0,1500.0,0.7558677098150782,0.03262278896663752,0.0,-0.02150308202939788
stieger2021,35,mcs_style,4.1,615.0,0.7574798482693219,0.026670097470011422,0.0016121384542436834,-0.019890943575154196
stieger2021,35,range_midpoint,8.0,1200.0,0.7957088667614983,0.036568589370640975,0.0398411569464201,0.018338074917022218
stieger2021,35,refinement,5.433333333333334,815.0,0.7773707918444761,0.034437956719097974,0.02150308202939788,0.0
stieger2021,35,top_m_ref,5.433333333333334,815.0,0.7298838311996206,0.044563473530228104,-0.02598387861545759,-0.04748696064485547
stieger2021,36,all_sources,10.0,1500.0,0.5616880037932669,0.024607127552446775,0.0,-0.06166429587482236
stieger2021,36,mcs_style,3.8,570.0,0.6256164058795638,0.061785041320640596,0.06392840208629691,0.002264106211474548
stieger2021,36,range_midpoint,8.0,1200.0,0.6878971076339497,0.03605140619769564,0.12620910384068285,0.06454480796586048
stieger2021,36,refinement,3.033333333333333,455.0,0.6233522996680892,0.027299265097345933,0.06166429587482236,0.0
stieger2021,36,top_m_ref,3.033333333333333,455.0,0.6149241346609767,0.03246135569182623,0.05323613086770984,-0.00842816500711252
stieger2021,37,all_sources,6.0,900.0,0.7229255571360834,0.03775532181718642,0.0,-0.016216216216216273
stieger2021,37,mcs_style,3.8,570.0,0.7490753911806542,0.040104112772113266,0.02614983404457083,0.009933617828354557
stieger2021,37,range_midpoint,5.0,750.0,0.7441441441441441,0.04062465010439733,0.021218587008060674,0.005002370791844402
stieger2021,37,refinement,4.533333333333333,680.0,0.7391417733522997,0.044440498085613823,0.016216216216216273,0.0
stieger2021,37,top_m_ref,4.533333333333333,680.0,0.7391417733522997,0.044440498085613823,0.016216216216216273,0.0
stieger2021,38,all_sources,10.0,1500.0,0.8460763394973921,0.02758599068828554,0.0,0.1400426742532005
stieger2021,38,mcs_style,1.0,150.0,0.895697012802276,0.02123081993729811,0.049620673304883844,0.18966334755808434
stieger2021,38,range_midpoint,8.0,1200.0,0.885443338074917,0.018571650379980056,0.0393669985775249,0.1794096728307254
stieger2021,38,refinement,2.7,405.0,0.7060336652441916,0.09743415100280454,-0.1400426742532005,0.0
stieger2021,38,top_m_ref,2.7,405.0,0.7358937885253675,0.08116705379588901,-0.11018255097202467,0.02986012328117582
stieger2021,39,all_sources,6.0,900.0,0.6487908961593173,0.040736549837239726,0.0,0.13172119487908973
stieger2021,39,mcs_style,3.933333333333333,590.0,0.5171052631578947,0.021372730305812014,-0.13168563300142255,3.556187766717844e-05
stieger2021,39,range_midpoint,4.0,600.0,0.5170578473210052,0.021337429759731633,-0.13173304883831205,-1.18539592223188e-05
stieger2021,39,refinement,3.966666666666667,595.0,0.5170697012802276,0.021357758864276898,-0.13172119487908973,0.0
stieger2021,39,top_m_ref,3.966666666666667,595.0,0.5170697012802276,0.021357758864276898,-0.13172119487908973,0.0
stieger2021,40,all_sources,6.0,900.0,0.6364746325272641,0.042252857548957586,0.0,-0.0280346135609294
stieger2021,40,mcs_style,3.033333333333333,455.0,0.6587837837837838,0.03504862737476619,0.022309151256519666,-0.005725462304409734
stieger2021,40,range_midpoint,5.0,750.0,0.652619724988146,0.040471539896382414,0.016145092460881916,-0.011889521100047484
stieger2021,40,refinement,3.3333333333333335,500.0,0.6645092460881935,0.03464829346604161,0.0280346135609294,0.0
stieger2021,40,top_m_ref,3.3333333333333335,500.0,0.6600521574205784,0.036488149365370856,0.023577524893314328,-0.004457088667615072
stieger2021,41,all_sources,10.0,1500.0,0.7866642958748221,0.033100995363691946,0.0,-0.04242532005689914
stieger2021,41,mcs_style,1.0,150.0,0.8431839734471313,0.03245805076436561,0.056519677572309135,0.014094357515409994
stieger2021,41,range_midpoint,8.166666666666666,1225.0,0.8131578947368421,0.03670842639472405,0.026493598862019963,-0.015931721194879178
stieger2021,41,refinement,2.8,420.0,0.8290896159317213,0.035212340177139076,0.04242532005689914,0.0
stieger2021,41,top_m_ref,2.8,420.0,0.8572190611664295,0.030612823476717635,0.07055476529160742,0.028129445234708284
stieger2021,42,all_sources,6.0,900.0,0.6766477003319109,0.03643564485311371,0.0,0.09237790422000958
stieger2021,42,mcs_style,1.0,150.0,0.5842697961119013,0.039128262597277474,-0.09237790422000958,0.0
stieger2021,42,range_midpoint,1.0,150.0,0.5842697961119013,0.039128262597277474,-0.09237790422000958,0.0
stieger2021,42,refinement,1.0,150.0,0.5842697961119013,0.039128262597277474,-0.09237790422000958,0.0
stieger2021,42,top_m_ref,1.0,150.0,0.5842697961119013,0.039128262597277474,-0.09237790422000958,0.0
stieger2021,43,all_sources,6.0,900.0,0.5842460881934566,0.026920867049591537,0.0,0.05451635846372682
stieger2021,43,mcs_style,1.0,150.0,0.5297297297297298,0.015222752647974203,-0.05451635846372682,0.0
stieger2021,43,range_midpoint,5.0,750.0,0.589805595068753,0.025878104758997832,0.005559506875296383,0.060075865339023204
stieger2021,43,refinement,1.0,150.0,0.5297297297297298,0.015222752647974203,-0.05451635846372682,0.0
stieger2021,43,top_m_ref,1.0,150.0,0.5297297297297298,0.015222752647974203,-0.05451635846372682,0.0
stieger2021,44,all_sources,10.0,1500.0,0.7300853485064012,0.03102321847434651,0.0,0.03911806543385499
stieger2021,44,mcs_style,3.0,450.0,0.6762209577999052,0.05061015543309293,-0.05386439070649596,-0.01474632527264097
stieger2021,44,range_midpoint,9.0,1350.0,0.7220128022759602,0.03491703953161868,-0.008072546230440958,0.03104551920341403
stieger2021,44,refinement,4.0,600.0,0.6909672830725462,0.03405294311782921,-0.03911806543385499,0.0
stieger2021,44,top_m_ref,4.0,600.0,0.6909672830725462,0.03405294311782921,-0.03911806543385499,0.0
stieger2021,45,all_sources,6.0,900.0,0.542484589853011,0.04587931196294355,0.0,0.04778330962541494
stieger2021,45,mcs_style,1.0,150.0,0.494701280227596,0.036360813860986094,-0.04778330962541494,0.0
stieger2021,45,range_midpoint,5.0,750.0,0.5355618776671408,0.05368978571122094,-0.00692271218587015,0.04086059743954479
stieger2021,45,refinement,1.0,150.0,0.494701280227596,0.036360813860986094,-0.04778330962541494,0.0
stieger2021,45,top_m_ref,1.0,150.0,0.494701280227596,0.036360813860986094,-0.04778330962541494,0.0
stieger2021,46,all_sources,10.0,1500.0,0.8388335704125178,0.04063803024168851,0.0,-0.015647226173541973
stieger2021,46,mcs_style,2.9,435.0,0.8557610241820768,0.031307492701254595,0.016927453769558953,0.0012802275960169807
stieger2021,46,range_midpoint,8.0,1200.0,0.8451161688003793,0.03465309261482201,0.006282598387861493,-0.00936462778568048
stieger2021,46,refinement,2.933333333333333,440.0,0.8544807965860598,0.03275720967110376,0.015647226173541973,0.0
stieger2021,46,top_m_ref,2.933333333333333,440.0,0.8544807965860598,0.03275720967110376,0.015647226173541973,0.0
stieger2021,47,all_sources,10.0,1500.0,0.5455073494547179,0.022990556092063772,0.0,-0.10637743006164058
stieger2021,47,mcs_style,2.5,375.0,0.6294333807491702,0.06826478352162133,0.08392603129445231,-0.02245139876718827
stieger2021,47,range_midpoint,9.0,1350.0,0.5807017543859649,0.021156907468125936,0.035194404931247036,-0.07118302513039354
stieger2021,47,refinement,3.966666666666667,595.0,0.6518847795163585,0.03311522064166623,0.10637743006164058,0.0
stieger2021,47,top_m_ref,3.966666666666667,595.0,0.6414888572783309,0.040790267848626445,0.09598150782361303,-0.010395922238027544
stieger2021,48,all_sources,6.0,900.0,0.6322664770033192,0.03211531252114311,0.0,-0.013798008534850692
stieger2021,48,mcs_style,2.2666666666666666,340.0,0.6233404457088667,0.04016132086052655,-0.008926031294452463,-0.022724039829303155
stieger2021,48,range_midpoint,5.0,750.0,0.6518610715979137,0.032916982283948834,0.01959459459459456,0.005796586059743869
stieger2021,48,refinement,4.066666666666666,610.0,0.6460644855381699,0.032855248183230115,0.013798008534850692,0.0
stieger2021,48,top_m_ref,4.066666666666666,610.0,0.6438359412043623,0.03281670755201278,0.0115694642010431,-0.0022285443338075916
stieger2021,49,all_sources,6.0,900.0,0.6997392128971076,0.03957098475963743,0.0,0.011510194404931173
stieger2021,49,mcs_style,2.0,300.0,0.7167496443812233,0.04197254934586826,0.01701043148411574,0.028520625889046913
stieger2021,49,range_midpoint,5.0,750.0,0.6854670459933617,0.034822315910219025,-0.014272166903745886,-0.002761972498814713
stieger2021,49,refinement,3.1333333333333333,470.0,0.6882290184921764,0.03912454741463861,-0.011510194404931173,0.0
stieger2021,49,top_m_ref,3.1333333333333333,470.0,0.6705784732100522,0.03798534983780681,-0.02916073968705546,-0.017650545282124286
stieger2021,50,all_sources,10.0,1500.0,0.8180772878141299,0.026029820762696554,0.0,-0.07360123281175912
stieger2021,50,mcs_style,6.0,900.0,0.8929943100995732,0.02228490303276013,0.07491702228544328,0.001315789473684159
stieger2021,50,range_midpoint,9.0,1350.0,0.8689426268373637,0.026502339063713635,0.05086533902323376,-0.022735893788525363
stieger2021,50,refinement,5.966666666666667,895.0,0.891678520625889,0.021774029587020523,0.07360123281175912,0.0
stieger2021,50,top_m_ref,5.966666666666667,895.0,0.8938715030820295,0.02386069278744533,0.07579421526789953,0.002192982456140413
stieger2021,51,all_sources,10.0,1500.0,0.7002726410621148,0.04580619311925415,0.0,0.04875533428165024
stieger2021,51,mcs_style,1.8333333333333333,275.0,0.7203176861071598,0.0510832335960687,0.020045045045045007,0.06880037932669525
stieger2021,51,range_midpoint,9.0,1350.0,0.7242176386913229,0.043496291672152326,0.023944997629208098,0.07270033191085834
stieger2021,51,refinement,5.133333333333334,770.0,0.6515173067804646,0.04427141609219769,-0.04875533428165024,0.0
stieger2021,51,top_m_ref,5.133333333333334,770.0,0.6784850640113798,0.03361774519063503,-0.021787577050735085,0.026967757230915157
stieger2021,52,all_sources,6.0,900.0,0.7703295400663822,0.03819163695454855,0.0,0.028473210052157527
stieger2021,52,mcs_style,2.1,315.0,0.7046348980559507,0.06597264132046594,-0.06569464201043151,-0.03722143195827399
stieger2021,52,range_midpoint,4.9,735.0,0.7669511616880038,0.03836403592566533,-0.0033783783783783994,0.025094831673779128
stieger2021,52,refinement,3.3666666666666667,505.0,0.7418563300142247,0.05004656355825414,-0.028473210052157527,0.0
stieger2021,52,top_m_ref,3.3666666666666667,505.0,0.7390943575154102,0.04857004759180758,-0.031235182550972018,-0.002761972498814491
stieger2021,53,all_sources,10.0,1500.0,0.8167614983404458,0.027060556590642493,0.0,0.011249407302038938
stieger2021,53,mcs_style,1.0,150.0,0.7166666666666667,0.029796397795883382,-0.10009483167377908,-0.08884542437174014
stieger2021,53,range_midpoint,7.0,1050.0,0.8382290184921765,0.026795032408338727,0.0214675201517307,0.03271692745376964
stieger2021,53,refinement,2.2333333333333334,335.0,0.8055120910384068,0.03559280918004509,-0.011249407302038938,0.0
stieger2021,53,top_m_ref,2.2333333333333334,335.0,0.7631460407776197,0.04207245624129067,-0.05361545756282604,-0.0423660502607871
stieger2021,54,all_sources,10.0,1500.0,0.6054765291607397,0.03477079093052088,0.0,0.043029871977240286
stieger2021,54,mcs_style,5.266666666666667,790.0,0.5561640587956378,0.03165385075411516,-0.04931247036510189,-0.006282598387861604
stieger2021,54,range_midpoint,6.0,900.0,0.5493361782835466,0.028280531059972174,-0.056140350877193046,-0.01311047889995276
stieger2021,54,refinement,5.0,750.0,0.5624466571834994,0.03164057642811101,-0.043029871977240286,0.0
stieger2021,54,top_m_ref,5.0,750.0,0.5624466571834994,0.03164057642811101,-0.043029871977240286,0.0
stieger2021,55,all_sources,10.0,1500.0,0.7371028923660502,0.03388025473742484,0.0,-0.03047652916073973
stieger2021,55,mcs_style,3.4,510.0,0.7935514461830252,0.03750035434179558,0.056448553816975,0.02597202465623527
stieger2021,55,range_midpoint,6.0,900.0,0.7483404457088667,0.030233342116464747,0.011237553342816509,-0.01923897581792322
stieger2021,55,refinement,5.533333333333333,830.0,0.7675794215267899,0.03341951258437035,0.03047652916073973,0.0
stieger2021,55,top_m_ref,5.533333333333333,830.0,0.7769677572309152,0.03779092037887064,0.03986486486486496,0.009388335704125228
stieger2021,56,all_sources,6.0,900.0,0.7319819819819819,0.03691960240303679,0.0,0.029587482219061156
stieger2021,56,mcs_style,2.7666666666666666,415.0,0.6961711711711712,0.04638558541967462,-0.03581081081081072,-0.006223328591749566
stieger2021,56,range_midpoint,3.0,450.0,0.7023944997629208,0.038804188669022584,-0.029587482219061156,0.0
stieger2021,56,refinement,3.0,450.0,0.7023944997629208,0.038804188669022584,-0.029587482219061156,0.0
stieger2021,56,top_m_ref,3.0,450.0,0.7023944997629208,0.038804188669022584,-0.029587482219061156,0.0
stieger2021,57,all_sources,6.0,900.0,0.8667022285443338,0.02587546736279838,0.0,0.027773826458036832
stieger2021,57,mcs_style,4.466666666666667,670.0,0.8091512565196777,0.07109838742509625,-0.05755097202465609,-0.029777145566619256
stieger2021,57,range_midpoint,2.966666666666667,445.0,0.752430061640588,0.0341886839744643,-0.11427216690374575,-0.08649834044570892
stieger2021,57,refinement,4.933333333333334,740.0,0.8389284020862969,0.05416583039411741,-0.027773826458036832,0.0
stieger2021,57,top_m_ref,4.933333333333334,740.0,0.8275960170697013,0.060524717724601565,-0.039106211474632446,-0.011332385016595614
stieger2021,58,all_sources,10.0,1500.0,0.6214319582740636,0.03654819170766193,0.0,-0.045862968231389134
stieger2021,58,mcs_style,2.3,345.0,0.6651375059269796,0.03371866193003501,0.04370554765291601,-0.0021574205784731237
stieger2021,58,range_midpoint,9.0,1350.0,0.6470839260312945,0.04584697071553306,0.025651967757230887,-0.020211000474158247
stieger2021,58,refinement,5.933333333333334,890.0,0.6672949265054527,0.044806475169609755,0.045862968231389134,0.0
stieger2021,58,top_m_ref,5.933333333333334,890.0,0.6858108108108109,0.03885012716500611,0.06437885253674724,0.01851588430535811
stieger2021,59,all_sources,10.0,1500.0,0.7954954954954956,0.03302945800674536,0.0,0.07824798482693218
stieger2021,59,mcs_style,1.4666666666666666,220.0,0.7008534850640114,0.03255690754329605,-0.09464201043148424,-0.016394025604552054
stieger2021,59,range_midpoint,9.0,1350.0,0.7951280227596018,0.03618974715607888,-0.00036747273589377016,0.07788051209103841
stieger2021,59,refinement,6.066666666666666,910.0,0.7172475106685634,0.041719481199304125,-0.07824798482693218,0.0
stieger2021,59,top_m_ref,6.066666666666666,910.0,0.7839853010905642,0.041317129245384124,-0.011510194404931395,0.06673779042200079
stieger2021,60,all_sources,6.0,900.0,0.7099217638691323,0.04537720865291441,0.0,-0.09029160739687048
stieger2021,60,mcs_style,1.0,150.0,0.8002133712660028,0.02638437131980838,0.09029160739687048,0.0
stieger2021,60,range_midpoint,2.0,300.0,0.7602536747273589,0.03456165393825192,0.050331910858226636,-0.03995969653864384
stieger2021,60,refinement,1.0,150.0,0.8002133712660028,0.02638437131980838,0.09029160739687048,0.0
stieger2021,60,top_m_ref,1.0,150.0,0.8002133712660028,0.02638437131980838,0.09029160739687048,0.0
stieger2021,61,all_sources,6.0,900.0,0.7095779990516833,0.04066580679054996,0.0,-0.04600521574205785
stieger2021,61,mcs_style,1.9333333333333333,290.0,0.7401137980085348,0.03895042045486502,0.030535798956851545,-0.015469416785206302
stieger2021,61,range_midpoint,4.9,735.0,0.7600640113798008,0.044455549990070536,0.05048601232811756,0.00448079658605971
stieger2021,61,refinement,2.6,390.0,0.7555832147937411,0.02818510800751454,0.04600521574205785,0.0
stieger2021,61,top_m_ref,2.6,390.0,0.7555832147937411,0.02818510800751454,0.04600521574205785,0.0
stieger2021,62,all_sources,6.0,900.0,0.6026552868658132,0.03444781339471062,0.0,-0.006484115694642023
stieger2021,62,mcs_style,2.433333333333333,365.0,0.6045045045045045,0.04008911858497446,0.0018492176386913917,-0.004634898055950631
stieger2021,62,range_midpoint,5.0,750.0,0.6154694167852063,0.03777361498273245,0.012814129919393125,0.0063300142247511015
stieger2021,62,refinement,2.8,420.0,0.6091394025604552,0.04050291203559543,0.006484115694642023,0.0
stieger2021,62,top_m_ref,2.8,420.0,0.6091394025604552,0.04050291203559543,0.006484115694642023,0.0
