analysis,subject,method,balanced_accuracy,set_size,n_train,target_accuracy,diff_vs_target
primary,1,all_sources,0.5307407407407407,5.0,257.0,0.44129629629629624,0.08944444444444449
primary,1,mcs_stepdown,0.5466666666666667,4.333333333333333,203.66666666666666,0.44129629629629624,0.1053703703703705
primary,1,pair_ref,0.5453703703703704,4.533333333333333,219.66666666666666,0.44129629629629624,0.10407407407407415
primary,1,target_only,0.44129629629629624,0.0,19.0,0.44129629629629624,0.0
primary,1,top1,0.49592592592592594,1.0,44.96666666666667,0.44129629629629624,0.054629629629629695
primary,1,top3,0.5366666666666666,3.0,130.0,0.44129629629629624,0.09537037037037038
primary,2,all_sources,0.7072649572649573,5.0,287.0,0.8206552706552707,-0.11339031339031336
primary,2,mcs_stepdown,0.8235042735042734,1.1333333333333333,53.266666666666666,0.8206552706552707,0.002849002849002691
primary,2,pair_ref,0.8494301994301993,2.033333333333333,95.96666666666667,0.8206552706552707,0.0287749287749286
primary,2,target_only,0.8206552706552707,0.0,21.0,0.8206552706552707,0.0
primary,2,top1,0.8086894586894586,1.0,47.0,0.8206552706552707,-0.011965811965812034
primary,2,top3,0.7834757834757833,3.0,148.83333333333334,0.8206552706552707,-0.03717948717948738
primary,3,all_sources,0.4763888888888889,5.0,278.0,0.5916666666666668,-0.11527777777777787
primary,3,mcs_stepdown,0.5138888888888888,4.133333333333334,228.6,0.5916666666666668,-0.07777777777777795
primary,3,pair_ref,0.5180555555555555,4.0,221.0,0.5916666666666668,-0.0736111111111113
primary,3,target_only,0.5916666666666668,0.0,24.0,0.5916666666666668,0.0
primary,3,top1,0.5375,1.0,52.86666666666667,0.5916666666666668,-0.05416666666666681
primary,3,top3,0.5138888888888888,3.0,157.06666666666666,0.5916666666666668,-0.07777777777777795
primary,4,all_sources,0.8309343434343432,5.0,275.0,0.8180555555555556,0.012878787878787601
primary,4,mcs_stepdown,0.7997474747474749,2.033333333333333,93.13333333333334,0.8180555555555556,-0.018308080808080773
primary,4,pair_ref,0.7626262626262627,2.9,146.4,0.8180555555555556,-0.055429292929292995
primary,4,target_only,0.8180555555555556,0.0,23.0,0.8180555555555556,0.0
primary,4,top1,0.640909090909091,1.0,44.0,0.8180555555555556,-0.17714646464646466
primary,4,top3,0.751641414141414,3.0,152.0,0.8180555555555556,-0.06641414141414159
primary,5,all_sources,0.6410774410774409,5.0,304.0,0.7353535353535354,-0.09427609427609451
primary,5,mcs_stepdown,0.6786195286195286,2.0,96.0,0.7353535353535354,-0.05673400673400686
primary,5,pair_ref,0.6786195286195286,2.0,96.0,0.7353535353535354,-0.05673400673400686
primary,5,target_only,0.7353535353535354,0.0,20.0,0.7353535353535354,0.0
primary,5,top1,0.6981481481481481,1.0,46.13333333333333,0.7353535353535354,-0.03720538720538735
primary,5,top3,0.6765993265993265,3.0,149.0,0.7353535353535354,-0.05875420875420889
primary,6,all_sources,0.46590909090909094,5.0,295.0,0.5276515151515152,-0.061742424242424265
primary,6,mcs_stepdown,0.5696969696969697,1.0,71.0,0.5276515151515152,0.0420454545454545
primary,6,pair_ref,0.5621212121212121,1.1333333333333333,81.66666666666667,0.5276515151515152,0.03446969696969693
primary,6,target_only,0.5276515151515152,0.0,23.0,0.5276515151515152,0.0
primary,6,top1,0.5696969696969697,1.0,71.0,0.5276515151515152,0.0420454545454545
primary,6,top3,0.4992424242424243,3.0,202.0,0.5276515151515152,-0.028409090909090884
primary,7,all_sources,0.734527972027972,5.0,319.0,0.7531177156177156,-0.018589743589743524
primary,7,mcs_stepdown,0.815034965034965,3.2666666666666666,192.06666666666666,0.7531177156177156,0.06191724941724941
primary,7,pair_ref,0.821513209013209,3.8666666666666667,229.4,0.7531177156177156,0.06839549339549345
primary,7,target_only,0.7531177156177156,0.0,24.0,0.7531177156177156,0.0
primary,7,top1,0.7285256410256411,1.0,55.0,0.7531177156177156,-0.024592074592074464
primary,7,top3,0.8001456876456878,3.0,180.2,0.7531177156177156,0.047027972027972265
primary,8,all_sources,0.7000000000000001,5.0,308.0,0.5545454545454545,0.14545454545454561
primary,8,mcs_stepdown,0.6924242424242426,4.6,283.73333333333335,0.5545454545454545,0.13787878787878816
primary,8,pair_ref,0.6984848484848487,4.933333333333334,302.6666666666667,0.5545454545454545,0.14393939393939426
primary,8,target_only,0.5545454545454545,0.0,21.0,0.5545454545454545,0.0
primary,8,top1,0.6060606060606061,1.0,63.2,0.5545454545454545,0.051515151515151625
primary,8,top3,0.6121212121212121,3.0,206.0,0.5545454545454545,0.05757575757575761
primary,9,all_sources,0.736111111111111,5.0,280.0,0.7722222222222223,-0.036111111111111205
primary,9,mcs_stepdown,0.6638888888888891,2.3,98.43333333333334,0.7722222222222223,-0.10833333333333317
primary,9,pair_ref,0.7888888888888889,3.066666666666667,130.8,0.7722222222222223,0.016666666666666607
primary,9,target_only,0.7722222222222223,0.0,19.0,0.7722222222222223,0.0
primary,9,top1,0.6222222222222223,1.0,38.0,0.7722222222222223,-0.1499999999999999
primary,9,top3,0.7749999999999999,3.0,129.66666666666666,0.7722222222222223,0.002777777777777657
primary,10,all_sources,0.6888278388278387,5.0,303.0,0.6010989010989011,0.08772893772893764
primary,10,mcs_stepdown,0.6888278388278387,5.0,303.0,0.6010989010989011,0.08772893772893764
primary,10,pair_ref,0.6888278388278387,5.0,303.0,0.6010989010989011,0.08772893772893764
primary,10,target_only,0.6010989010989011,0.0,27.0,0.6010989010989011,0.0
primary,10,top1,0.5425824175824177,1.0,62.5,0.6010989010989011,-0.05851648351648342
primary,10,top3,0.612087912087912,3.0,192.86666666666667,0.6010989010989011,0.01098901098901095
primary,11,all_sources,0.9344444444444443,5.0,313.0,0.8666666666666666,0.06777777777777771
primary,11,mcs_stepdown,0.9222222222222222,2.1,132.7,0.8666666666666666,0.05555555555555558
primary,11,pair_ref,0.9077777777777778,2.7,173.0,0.8666666666666666,0.04111111111111121
primary,11,target_only,0.8666666666666666,0.0,29.0,0.8666666666666666,0.0
primary,11,top1,0.882222222222222,1.0,63.46666666666667,0.8666666666666666,0.015555555555555434
primary,11,top3,0.8966666666666665,3.0,181.23333333333332,0.8666666666666666,0.029999999999999916
primary,12,all_sources,0.7544444444444445,5.0,331.0,0.7950427350427349,-0.040598290598290454
primary,12,mcs_stepdown,0.6608547008547009,3.6,229.0,0.7950427350427349,-0.13418803418803404
primary,12,pair_ref,0.6485470085470086,3.8,241.0,0.7950427350427349,-0.1464957264957263
primary,12,target_only,0.7950427350427349,0.0,27.0,0.7950427350427349,0.0
primary,12,top1,0.6729914529914531,1.0,56.86666666666667,0.7950427350427349,-0.1220512820512818
primary,12,top3,0.6974358974358975,3.0,193.0,0.7950427350427349,-0.09760683760683742
primary,13,all_sources,0.6678571428571427,5.0,327.0,0.8119047619047619,-0.1440476190476192
primary,13,mcs_stepdown,0.7166666666666666,4.066666666666666,271.93333333333334,0.8119047619047619,-0.09523809523809534
primary,13,pair_ref,0.7154761904761904,4.066666666666666,271.93333333333334,0.8119047619047619,-0.09642857142857153
primary,13,target_only,0.8119047619047619,0.0,27.0,0.8119047619047619,0.0
primary,13,top1,0.7571428571428573,1.0,56.0,0.8119047619047619,-0.05476190476190457
primary,13,top3,0.7392857142857141,3.0,188.0,0.8119047619047619,-0.0726190476190478
primary,14,all_sources,0.41111111111111115,5.0,325.0,0.5544444444444444,-0.14333333333333326
primary,14,mcs_stepdown,0.4511111111111112,3.1,173.0,0.5544444444444444,-0.10333333333333322
primary,14,pair_ref,0.42555555555555563,3.533333333333333,207.66666666666666,0.5544444444444444,-0.12888888888888878
primary,14,target_only,0.5544444444444444,0.0,29.0,0.5544444444444444,0.0
primary,14,top1,0.4333333333333334,1.0,55.86666666666667,0.5544444444444444,-0.121111111111111
primary,14,top3,0.4611111111111112,3.0,165.0,0.5544444444444444,-0.09333333333333321
primary,15,all_sources,0.6308974358974357,5.0,306.0,0.6011538461538461,0.029743589743589594
primary,15,mcs_stepdown,0.6620512820512822,2.5,132.1,0.6011538461538461,0.060897435897436014
primary,15,pair_ref,0.6255128205128206,2.933333333333333,165.1,0.6011538461538461,0.024358974358974494
primary,15,target_only,0.6011538461538461,0.0,22.0,0.6011538461538461,0.0
primary,15,top1,0.6701282051282049,1.0,46.5,0.6011538461538461,0.06897435897435877
primary,15,top3,0.6456410256410258,3.0,167.96666666666667,0.6011538461538461,0.04448717948717962
primary,16,all_sources,0.766984126984127,5.0,275.0,0.7020634920634918,0.06492063492063516
primary,16,mcs_stepdown,0.7641269841269841,4.633333333333334,250.43333333333334,0.7020634920634918,0.062063492063492265
primary,16,pair_ref,0.7656349206349206,4.866666666666666,266.06666666666666,0.7020634920634918,0.06357142857142872
primary,16,target_only,0.7020634920634918,0.0,28.0,0.7020634920634918,0.0
primary,16,top1,0.6511111111111112,1.0,78.93333333333334,0.7020634920634918,-0.05095238095238064
primary,16,top3,0.7457142857142857,3.0,167.63333333333333,0.7020634920634918,0.04365079365079383
primary,17,all_sources,0.7177777777777777,5.0,279.0,0.7544444444444444,-0.036666666666666625
primary,17,mcs_stepdown,0.8444444444444446,4.0,199.0,0.7544444444444444,0.09000000000000019
primary,17,pair_ref,0.8444444444444446,4.0,199.0,0.7544444444444444,0.09000000000000019
primary,17,target_only,0.7544444444444444,0.0,25.0,0.7544444444444444,0.0
primary,17,top1,0.857222222222222,1.0,45.8,0.7544444444444444,0.10277777777777763
primary,17,top3,0.8016666666666665,3.0,148.76666666666668,0.7544444444444444,0.047222222222222165
primary,18,all_sources,0.8027777777777777,5.0,229.0,0.9291666666666667,-0.126388888888889
primary,18,mcs_stepdown,0.7930555555555555,4.466666666666667,201.96666666666667,0.9291666666666667,-0.13611111111111118
primary,18,pair_ref,0.8152777777777778,4.766666666666667,214.26666666666668,0.9291666666666667,-0.11388888888888893
primary,18,target_only,0.9291666666666667,0.0,9.0,0.9291666666666667,0.0
primary,18,top1,0.9583333333333334,1.0,26.0,0.9291666666666667,0.029166666666666674
primary,18,top3,0.6902777777777777,3.0,136.0,0.9291666666666667,-0.23888888888888904
