subject,method,set_size,training_trials
1,all_sources,5,257
1,mcs_stepdown,4,177
1,pair_ref,4,177
1,top1,1,41
1,top3,3,130
2,all_sources,5,287
2,mcs_stepdown,1,47
2,pair_ref,2,94
2,top1,1,47
2,top3,3,148
3,all_sources,5,278
3,mcs_stepdown,4,221
3,pair_ref,4,221
3,top1,1,43
3,top3,3,171
4,all_sources,5,275
4,mcs_stepdown,2,90
4,pair_ref,3,152
4,top1,1,44
4,top3,3,152
5,all_sources,5,304
5,mcs_stepdown,2,96
5,pair_ref,2,96
5,top1,1,46
5,top3,3,149
6,all_sources,5,295
6,mcs_stepdown,1,71
6,pair_ref,1,71
6,top1,1,71
6,top3,3,202
7,all_sources,5,319
7,mcs_stepdown,2,113
7,pair_ref,3,167
7,top1,1,55
7,top3,3,185
8,all_sources,5,308
8,mcs_stepdown,5,308
8,pair_ref,5,308
8,top1,1,49
8,top3,3,206
9,all_sources,5,280
9,mcs_stepdown,2,86
9,pair_ref,3,123
9,top1,1,38
9,top3,3,123
10,all_sources,5,303
10,mcs_stepdown,5,303
10,pair_ref,5,303
10,top1,1,64
10,top3,3,199
11,all_sources,5,313
11,mcs_stepdown,2,128
11,pair_ref,2,128
11,top1,1,60
11,top3,3,175
12,all_sources,5,331
12,mcs_stepdown,3,193
12,pair_ref,4,253
12,top1,1,56
12,top3,3,193
13,all_sources,5,327
13,mcs_stepdown,4,268
13,pair_ref,4,268
13,top1,1,56
13,top3,3,188
14,all_sources,5,325
14,mcs_stepdown,3,165
14,pair_ref,3,165
14,top1,1,56
14,top3,3,165
15,all_sources,5,306
15,mcs_stepdown,3,173
15,pair_ref,3,173
15,top1,1,54
15,top3,3,173
16,all_sources,5,275
16,mcs_stepdown,4,208
16,pair_ref,5,275
16,top1,1,80
16,top3,3,169
17,all_sources,5,279
17,mcs_stepdown,4,199
17,pair_ref,4,199
17,top1,1,45
17,top3,3,149
18,all_sources,5,229
18,mcs_stepdown,3,136
18,pair_ref,5,229
18,top1,1,22
18,top3,3,136
